Functio_Name,Loop,Bengin_BB,End_BB,Bengin_Line,End_Line,Spill_Num
refreshPositions.constprop.12,1,.L23,.L28,102,138,17
refreshPositions.constprop.12,2,.L24,.L30,146,168,15
spec_qsort.constprop.11,23,.L117,.L117,729,742,3
spec_qsort.constprop.11,27,.L131,.L131,810,817,4
spec_qsort.constprop.11,29,.L151,.L151,941,948,4
spec_qsort.constprop.11,47,.L146,.L146,1080,1087,4
spec_qsort.constprop.11,57,.L122,.L122,1256,1263,4
spec_qsort.constprop.11,59,.L139,.L139,1306,1313,4
spec_qsort.constprop.11,62,.L127,.L127,1351,1358,4
spec_qsort.constprop.11,71,.L82,.L82,1472,1485,3
spec_qsort.constprop.11,78,.L121,.L121,1545,1554,4
spec_qsort.constprop.11,80,.L260,.L260,1558,1567,4
spec_qsort.constprop.11,83,.L130,.L130,1583,1593,4
spec_qsort.constprop.11,85,.L150,.L150,1598,1608,4
spec_qsort.constprop.11,87,.L261,.L261,1612,1621,4
spec_qsort.constprop.11,89,.L126,.L126,1625,1634,4
primal_bea_mpp.constprop.5,100,.L360,.L369,1749,1818,30
primal_bea_mpp.constprop.5,102,.L374,.L374,1842,1847,1
refresh_neighbour_lists,105,.L404,.L404,1918,1922,1
refresh_neighbour_lists,106,.L406,.L406,1945,1962,12
flow_cost,107,.L416,.L416,1996,2005,3
flow_cost,108,.L418,.L418,2013,2020,4
flow_org_cost,114,.L440,.L440,2143,2152,3
flow_org_cost,115,.L442,.L442,2160,2167,4
read_min,128,.L516,.L516,2589,2593,0
refreshArcPointers,143,.L584,.L583,3054,3096,17
refreshPositions,144,.L603,.L602,3163,3187,16
marc_arcs,145,.L612,.L612,3271,3287,10
marc_arcs,146,.L615,.L615,3325,3328,0
resize_prob,147,.L634,.L633,3413,3425,4
calculate_max_redcost,151,.L670,.L669,3617,3628,4
price_out_impl,163,.L702,.L702,3903,3907,1
price_out_impl,164,.L703,.L703,3915,3929,10
price_out_impl,165,.L711,.L711,3976,3982,2
price_out_impl,172,.L733,.L733,4114,4122,0
price_out_impl,181,.L707,.L707,4334,4338,1
price_out_impl,183,.L708,.L708,4346,4360,10
suspend_impl,206,.L854,.L854,4697,4701,1
suspend_impl,210,.L868,.L868,4820,4824,0
suspend_impl,211,.L870,.L870,4844,4848,1
suspend_impl,213,.L871,.L871,4857,4871,10
primal_start_artificial,218,.L896,.L896,4932,4941,4
primal_start_artificial,219,.L900,.L900,4949,4971,17
write_circulations,222,.L907,.L907,5036,5040,1
write_circulations,228,.L914,.L918,5104,5131,9
update_tree,231,.L952,.L952,5280,5285,2
update_tree,233,.L1003,.L1003,5290,5296,2
update_tree,237,.L966,.L966,5370,5374,2
update_tree,238,.L967,.L967,5379,5383,2
update_tree,241,.L970,.L970,5417,5428,6
primal_iminus,243,.L1018,.L1026,5472,5488,8
master.constprop.4,248,.L1029,.L1029,5570,5592,6
master.constprop.4,253,.L1037,.L1037,5751,5759,3
master.constprop.4,255,.L1038,.L1038,5764,5772,3
primal_update_flow,263,.L1099,.L1099,6076,6084,3
worker,272,.L1136,.L1136,6278,6286,1
worker,281,.L1144,.L1148,6393,6455,28
worker,283,.L1158,.L1158,6478,6483,2
master,294,.L1211,.L1211,6663,6671,1
master,302,.L1223,.L1223,6883,6891,3
primal_bea_mpp,316,.L1283,.L1292,7121,7190,31
primal_bea_mpp,318,.L1297,.L1297,7214,7219,1
spec_qsort,329,.L1352,.L1352,7587,7606,8
spec_qsort,331,.L1427,.L1427,7651,7658,4
spec_qsort,349,.L1416,.L1416,7776,7783,4
spec_qsort,353,.L1421,.L1421,7826,7833,4
spec_qsort,358,.L1448,.L1448,7879,7886,4
spec_qsort,376,.L1437,.L1437,8003,8010,4
spec_qsort,379,.L1415,.L1415,8027,8036,4
spec_qsort,383,.L1473,.L1473,8072,8093,7
spec_qsort,387,.L1426,.L1426,8115,8125,4
spec_qsort,389,.L1442,.L1442,8138,8145,4
spec_qsort,394,.L1420,.L1420,8176,8185,4
spec_qsort,397,.L1489,.L1489,8226,8233,4
spec_qsort,399,.L1509,.L1509,8356,8363,4
spec_qsort,417,.L1504,.L1504,8495,8502,4
spec_qsort,424,.L1403,.L1403,8560,8567,4
spec_qsort,441,.L1379,.L1379,8683,8690,4
spec_qsort,460,.L1480,.L1480,8880,8887,4
spec_qsort,462,.L1497,.L1497,8931,8938,4
spec_qsort,465,.L1485,.L1485,8978,8985,4
spec_qsort,468,.L1368,.L1368,9028,9035,4
spec_qsort,473,.L1397,.L1397,9067,9074,5
spec_qsort,478,.L1469,.L1469,9120,9127,4
spec_qsort,495,.L1458,.L1458,9234,9241,4
spec_qsort,498,.L1463,.L1463,9264,9271,4
spec_qsort,503,.L1436,.L1436,9302,9311,4
spec_qsort,505,.L1447,.L1447,9318,9328,4
spec_qsort,507,.L1392,.L1392,9340,9347,4
spec_qsort,510,.L1348,.L1348,9379,9386,4
spec_qsort,527,.L1337,.L1337,9493,9500,4
spec_qsort,530,.L1342,.L1342,9523,9530,4
spec_qsort,535,.L1336,.L1336,9559,9568,4
spec_qsort,541,.L1441,.L1441,9600,9609,4
spec_qsort,543,.L1457,.L1457,9614,9623,4
spec_qsort,545,.L1468,.L1468,9629,9639,4
spec_qsort,547,.L1347,.L1347,9645,9655,4
spec_qsort,549,.L1479,.L1479,9659,9668,4
spec_qsort,551,.L1876,.L1876,9672,9681,4
spec_qsort,553,.L1462,.L1462,9686,9695,4
spec_qsort,555,.L1341,.L1341,9700,9709,4
spec_qsort,557,.L1373,.L1373,9720,9727,5
spec_qsort,562,.L1488,.L1488,9756,9766,4
spec_qsort,564,.L1508,.L1508,9771,9781,4
spec_qsort,566,.L1367,.L1367,9786,9795,4
spec_qsort,568,.L1877,.L1877,9799,9808,4
spec_qsort,570,.L1402,.L1402,9816,9826,4
spec_qsort,572,.L1484,.L1484,9830,9839,4
spec_qsort,574,.L1391,.L1391,9845,9854,4
spec_qsort,576,.L1378,.L1378,9860,9870,4
spec_qsort,578,.L1396,.L1396,9876,9885,4
spec_qsort,581,.L1372,.L1372,9894,9903,4
