Functio_Name,Loop,Bengin,End,Split_Num
deregister_tm_clones,0,202043,202047,0
register_tm_clones,1,202080,202084,0
__do_global_dtors_aux,2,2020a7,2020ba,1
frame_dummy,3,2020c8,2020e8,1
frame_dummy,4,2020d2,2020e8,1
__mulsc3,5,202143,202158,3
__mulsc3,6,20216a,202365,14
__mulsc3,7,20217d,202312,11
__mulsc3,8,202198,2022e1,9
__mulsc3,9,2021b1,202295,6
__mulsc3,10,2021b9,202237,4
__mulsc3,11,2021c8,202277,5
__mulsc3,12,2021db,202285,6
__mulsc3,13,2021ee,20226d,5
__mulsc3,14,20220c,202215,1
__mulsc3,15,202218,202221,1
__mulsc3,16,202223,20222c,1
__mulsc3,17,20222e,202237,1
__mulsc3,18,2022c9,2022cf,0
__mulsc3,19,202307,202397,5
__mulsc3,20,20234c,202352,0
__mulsc3,21,202355,20235b,0
__mulsc3,22,20238f,2023a5,0
__muldc3,23,202402,202406,0
__muldc3,24,20241b,20264f,13
__muldc3,25,202430,2025f1,10
__muldc3,26,20244e,2025bb,8
__muldc3,27,20246a,202565,5
__muldc3,28,202472,202507,4
__muldc3,29,202487,202547,5
__muldc3,30,20249c,202555,5
__muldc3,31,2024b1,20253c,5
__muldc3,32,2024d7,2024e1,1
__muldc3,33,2024e5,2024ef,1
__muldc3,34,2024f1,2024fb,1
__muldc3,35,2024fd,202507,1
__muldc3,36,2025a0,2025a7,0
__muldc3,37,2025e5,202687,5
__muldc3,38,202633,20263a,0
__muldc3,39,20263e,202645,0
__muldc3,40,20267e,202696,0
__libc_csu_init,41,2026e6,202706,2
main,42,20274a,202754,0
main,43,2027c2,2027ec,2
main,44,202819,202936,19
main,45,20285c,202948,16
main,46,20290e,206260,1353
main,47,20291b,206333,1358
main,48,202969,20abc7,3081
main,49,202972,202a11,10
main,50,20298c,20299f,2
main,51,2029a9,2029b4,1
main,52,2029be,2029c9,1
main,53,2029d3,2029de,0
main,54,202ac0,202b0a,9
main,55,202af8,202b01,1
main,56,202b1a,202c68,49
main,57,202cb3,206161,1241
main,58,202f48,202f91,11
main,59,202f53,202fcb,17
main,60,202f62,202fc1,13
main,61,202f85,202fc1,7
main,62,202f8f,202fc1,6
main,63,20302e,2030e1,20
main,64,203044,203082,8
main,65,20305a,2030b9,14
main,66,20307a,2030b9,9
main,67,203080,2030b9,9
main,68,2030ed,2030fc,1
main,69,20310f,203700,172
main,70,20313d,203700,168
main,71,20315b,203174,3
main,72,203164,203174,2
main,73,203177,203700,162
main,74,2031a8,2035e0,124
main,75,2031d8,203200,5
main,76,2031df,20322c,10
main,77,203205,203279,14
main,78,203210,2032a1,16
main,79,203235,20326a,6
main,80,2032b1,2035f0,97
main,81,20339b,2033b2,4
main,82,2033cb,20351f,49
main,83,203415,20341f,3
main,84,203462,203480,4
main,85,203527,203681,38
main,86,203563,20358f,5
main,87,20359d,2036cd,34
main,88,20362a,203677,9
main,89,203631,203657,4
main,90,20365a,203677,5
main,91,2036ad,2036c8,4
main,92,203719,203830,29
main,93,203783,2037e0,8
main,94,203788,2037e0,8
main,95,203797,2037ee,10
main,96,2037e3,203807,3
main,97,2037ec,203807,2
main,98,203848,2038f9,15
main,99,203883,203890,1
main,100,203888,203897,2
main,101,203890,203897,1
main,102,203895,2038c0,5
main,103,20393f,2039e0,9
main,104,2039be,203c10,55
main,105,2039c7,203ccf,61
main,106,2039f8,203acb,20
main,107,203a30,203a5b,5
main,108,203a3c,203a5b,4
main,109,203a62,203a8d,5
main,110,203a6e,203a8d,4
main,111,203a94,203abf,4
main,112,203aa0,203abf,3
main,113,203adc,203bcf,26
main,114,203b24,203bc2,20
main,115,203c2f,203cb0,3
main,116,203ca3,203cb8,2
main,117,203cc9,2041a5,92
main,118,203d25,203d40,1
main,119,203d78,203da0,7
main,120,203d7e,203db6,10
main,121,203daa,203db6,2
main,122,203de6,2041a5,68
main,123,203e7b,203f36,6
main,124,203ea2,203f20,3
main,125,203f13,203f28,2
main,126,203f47,20401b,20
main,127,203f80,203fab,5
main,128,203f8c,203fab,4
main,129,203fb2,203fdd,5
main,130,203fbe,203fdd,4
main,131,203fe4,20400f,4
main,132,203ff0,20400f,3
main,133,20402c,204129,27
main,134,204074,204112,20
main,135,204190,20a9fe,2475
main,136,2041db,2043e0,27
main,137,2041e9,204690,58
main,138,2041fc,204690,58
main,139,204286,2042a3,2
main,140,2042a9,206118,742
main,141,20430a,2045d5,36
main,142,20432e,2043c8,6
main,143,204340,2043c8,4
main,144,2043e8,204690,32
main,145,2043fb,204690,32
main,146,204485,2044a2,2
main,147,2044a8,206118,716
main,148,204509,2045d5,10
main,149,20452e,2045c8,6
main,150,204540,2045c8,4
main,151,20464c,204669,2
main,152,2046c5,20613a,688
main,153,204710,2049b7,63
main,154,20471a,20472a,0
main,155,20497a,2049b7,7
main,156,2049c4,204a16,7
main,157,2049f4,204a16,3
main,158,204a25,2058f0,425
main,159,204a99,204aba,3
main,160,204ad2,204ea0,116
main,161,204b00,204ea0,112
main,162,204b22,204e82,104
main,163,204baf,204de7,70
main,164,204cad,204e3c,43
main,165,204ce2,204e3c,39
main,166,204d8f,204dd9,5
main,167,204dd1,204dd6,0
main,168,204de7,204e3c,9
main,169,204ec9,204f2c,12
main,170,204f35,205510,169
main,171,204f42,205518,169
main,172,204f98,204fb0,3
main,173,204fd0,2054b9,140
main,174,204fd9,20514f,44
main,175,205036,20548c,128
main,176,20507f,20513b,25
main,177,205156,205415,80
main,178,2052b3,205400,36
main,179,2052e5,2053eb,31
main,180,205393,2053dd,5
main,181,2053d5,2053da,0
main,182,20541d,205482,12
main,183,205547,2058f0,104
main,184,205564,2058f0,102
main,185,2055ef,205701,36
main,186,2056e8,205730,7
main,187,205701,205892,45
main,188,205765,205869,31
main,189,20580b,20585b,5
main,190,205850,205855,0
main,191,205924,205930,1
main,192,205960,2059a9,6
main,193,205972,2059ac,6
main,194,2059a0,2059ac,1
main,195,205a1e,205ad6,5
main,196,205a3b,205ac0,3
main,197,205ab3,205ac8,2
main,198,205ae4,205dbe,81
main,199,205b1a,205c53,34
main,200,205b38,205c26,28
main,201,205b79,205b90,1
main,202,205c78,205d96,36
main,203,205ce3,205d00,1
main,204,205de4,205f60,36
main,205,205e51,205ea2,8
main,206,205e5d,205ea2,7
main,207,205e6a,205e79,3
main,208,205ea9,205efa,8
main,209,205eb5,205efa,7
main,210,205ec2,205ed1,3
main,211,205f02,205f54,7
main,212,205f0e,205f54,6
main,213,205f1b,205f2a,3
main,214,205f71,2060c0,33
main,215,205fc4,2060a0,24
main,216,205fea,206000,1
main,217,206105,206141,2
main,218,206195,20acc5,1755
main,219,2061c1,2061d2,1
main,220,2061dc,2061e7,1
main,221,2061f1,2061fc,1
main,222,206206,206211,0
main,223,206281,206310,2
main,224,206303,206318,2
main,225,206384,206a30,172
main,226,206597,2070ec,304
main,227,2065a0,2070ec,304
main,228,2065b0,2070ec,303
main,229,2065c0,2070ec,302
main,230,20663a,20acda,1681
main,231,2066c9,20716d,286
main,232,2066df,20716d,284
main,233,206806,206818,0
main,234,2068e5,2068f7,0
main,235,2069c9,2069db,0
main,236,206c71,20ab10,1485
main,237,206c7a,20ab10,1485
main,238,206c8a,20ab10,1484
main,239,206c9a,20ab10,1483
main,240,206d0f,20af26,1553
main,241,206d99,20b176,1594
main,242,206dbf,20b1b0,1595
main,243,206ed0,206ee2,0
main,244,206fa8,206fba,0
main,245,20708a,20709c,0
main,246,2070fa,207104,0
main,247,207107,207111,1
main,248,20711b,207126,1
main,249,207130,20713b,0
main,250,2071d8,20ac05,1358
main,251,20727f,2072ca,9
main,252,2072b8,2072c1,1
main,253,2072dc,20742c,49
main,254,207483,20aa12,1238
main,255,207718,207766,12
main,256,207723,2077a0,18
main,257,207732,207796,14
main,258,20775a,207796,7
main,259,207764,207796,6
main,260,20780e,2078c6,21
main,261,207824,207867,9
main,262,20783a,20789e,15
main,263,20785f,20789e,9
main,264,207865,20789e,9
main,265,2078d2,2078e1,1
main,266,2078f4,207ef0,168
main,267,207922,207ef0,164
main,268,20794b,207964,3
main,269,207954,207964,2
main,270,207967,207ef0,157
main,271,20799d,207de0,120
main,272,2079c8,2079f0,5
main,273,2079cf,207a18,9
main,274,2079f5,207a62,12
main,275,207a02,207a89,14
main,276,207a23,207a52,5
main,277,207a9a,207df0,97
main,278,207b8d,207baf,5
main,279,207bbb,207d33,53
main,280,207c19,207c25,3
main,281,207c72,207c90,4
main,282,207d40,207e7a,33
main,283,207d70,207d9f,5
main,284,207da2,207ebd,31
main,285,207e22,207e68,9
main,286,207e2a,207e63,8
main,287,207e97,207eb8,5
main,288,207f0b,208020,27
main,289,207f73,207fd0,7
main,290,207f78,207fd0,7
main,291,207f87,207fde,9
main,292,207fd3,207ff7,3
main,293,207fdc,207ff7,2
main,294,20803d,2080f9,15
main,295,208078,208090,1
main,296,20807d,208097,2
main,297,208090,208097,1
main,298,208095,2080c0,5
main,299,20813f,2081e0,9
main,300,2081be,208410,55
main,301,2081c7,2084cf,61
main,302,2081f8,2082cc,20
main,303,208231,20825c,5
main,304,20823d,20825c,4
main,305,208263,20828e,5
main,306,20826f,20828e,4
main,307,208295,2082c0,4
main,308,2082a1,2082c0,3
main,309,2082dd,2083d3,26
main,310,208324,2083c6,20
main,311,20842f,2084b0,3
main,312,2084a3,2084b8,2
main,313,2084c9,2089a9,92
main,314,208525,208540,1
main,315,208578,2085a0,7
main,316,20857e,2085b8,10
main,317,2085ab,2085b8,2
main,318,2085e8,2089a9,68
main,319,20867d,208736,6
main,320,2086a4,208720,3
main,321,208713,208728,2
main,322,208747,20881c,20
main,323,208781,2087ac,5
main,324,20878d,2087ac,4
main,325,2087b3,2087de,5
main,326,2087bf,2087de,4
main,327,2087e5,208810,4
main,328,2087f1,208810,3
main,329,20882d,20892d,27
main,330,208874,208916,20
main,331,208994,20a9fe,758
main,332,2089df,208c50,29
main,333,2089ed,208f00,61
main,334,208a00,208f00,61
main,335,208a8a,208aa7,2
main,336,208aad,20a9b5,741
main,337,208b10,208bd6,9
main,338,208b2e,208bc9,6
main,339,208b41,208bc9,4
main,340,208c58,208f00,33
main,341,208c6b,208f00,33
main,342,208cf5,208d12,2
main,343,208d18,20a9b5,713
main,344,208d7b,208e46,10
main,345,208d9e,208e39,6
main,346,208db1,208e39,4
main,347,208ec2,208edf,2
main,348,208f3a,20a9dc,684
main,349,208f90,209236,63
main,350,208f9a,208faa,0
main,351,2091fc,209236,7
main,352,209243,209296,7
main,353,209274,209296,3
main,354,2092a4,20a18f,420
main,355,209309,20932a,3
main,356,20933a,209700,111
main,357,209368,209700,107
main,358,20938a,2096e5,100
main,359,20940f,209661,70
main,360,209516,2096ac,42
main,361,209552,2096ac,38
main,362,209609,209653,5
main,363,20964b,209650,0
main,364,209661,2096ac,8
main,365,209729,2097a0,14
main,366,2097b9,209dd0,169
main,367,2097c6,209dd8,169
main,368,20982e,209850,3
main,369,209870,209d82,140
main,370,20987e,2099f8,41
main,371,2098dd,209bf1,88
main,372,20991f,2099de,24
main,373,2099ff,209b75,43
main,374,209b5d,209c04,16
main,375,209b7d,209be4,12
main,376,209c35,209d41,31
main,377,209ce9,209d33,5
main,378,209d2b,209d30,0
main,379,209e07,20a187,102
main,380,209e2c,20a187,99
main,381,209e9f,209fb8,37
main,382,209fa4,209fdb,5
main,383,209fb8,209fd1,3
main,384,20a015,20a11f,32
main,385,20a0c7,20a111,5
main,386,20a109,20a10e,0
main,387,20a1c1,20a1d0,1
main,388,20a200,20a248,6
main,389,20a212,20a24b,6
main,390,20a23f,20a24b,1
main,391,20a2bd,20a376,5
main,392,20a2da,20a360,3
main,393,20a353,20a368,2
main,394,20a384,20a662,80
main,395,20a3ba,20a4f7,34
main,396,20a3d8,20a4ca,28
main,397,20a419,20a430,1
main,398,20a518,20a63a,36
main,399,20a585,20a5a0,1
main,400,20a688,20a801,35
main,401,20a6f2,20a743,8
main,402,20a6fe,20a743,7
main,403,20a70b,20a71a,3
main,404,20a74a,20a79b,8
main,405,20a756,20a79b,7
main,406,20a763,20a772,3
main,407,20a7a3,20a7f5,7
main,408,20a7af,20a7f5,6
main,409,20a7bc,20a7cb,3
main,410,20a812,20a960,34
main,411,20a864,20a944,24
main,412,20a88a,20a8a0,1
main,413,20a9a5,20a9e3,3
main,414,20aa46,20acaf,37
main,415,20aa73,20aa86,2
main,416,20aa90,20aa9b,1
main,417,20aaa5,20aab0,1
main,418,20aaba,20aac5,0
main,419,20aaf6,20ac9a,28
main,420,20ab1d,20ab29,2
main,421,20ab41,20ab4b,1
main,422,20ab55,20ab60,1
main,423,20ab6f,20ab7a,1
main,424,20ac1a,20ac2d,2
main,425,20ac37,20ac42,1
main,426,20ac4c,20ac57,1
main,427,20ac61,20ac6c,0
main,428,20ad0b,20ae6a,36
main,429,20ae1d,20ae2f,0
main,430,20ae7e,20b207,76
main,431,20aee1,20aeec,0
main,432,20af3b,20b15a,48
main,433,20af49,20b08f,33
main,434,20af96,20b1da,54
main,435,20b041,20b053,0
main,436,20b0a3,20b213,32
main,437,20b107,20b112,0
flow_cost,438,20b264,20b2be,8
flow_cost,439,20b2c8,20b307,7
flow_cost,440,20b30a,20b3b8,17
flow_cost,441,20b357,20b3a9,8
flow_cost,442,20b36e,20b390,3
flow_cost,443,20b378,20b3a6,4
flow_cost,444,20b39c,20b3a9,1
refresh_neighbour_lists.Cloned.1.getOriginalArcPosition,445,20b3ef,20b418,4
refresh_neighbour_lists.Cloned.1.getOriginalArcPosition,446,20b42c,20b514,27
refresh_neighbour_lists.Cloned.1.getOriginalArcPosition,447,20b475,20b514,16
___flow_cost_cloned_cmprs_Ptr_,448,20b534,20b58e,8
___flow_cost_cloned_cmprs_Ptr_,449,20b598,20b5d7,7
___flow_cost_cloned_cmprs_Ptr_,450,20b5da,20b689,17
___flow_cost_cloned_cmprs_Ptr_,451,20b627,20b67a,8
___flow_cost_cloned_cmprs_Ptr_,452,20b63f,20b660,3
___flow_cost_cloned_cmprs_Ptr_,453,20b649,20b677,4
___flow_cost_cloned_cmprs_Ptr_,454,20b66d,20b67a,1
___refresh_neighbour_lists.Cloned.1.getOriginalArcPosition_cloned_cmprs_Ptr_,455,20b6c1,20b6f8,5
___refresh_neighbour_lists.Cloned.1.getOriginalArcPosition_cloned_cmprs_Ptr_,456,20b70c,20b806,28
___refresh_neighbour_lists.Cloned.1.getOriginalArcPosition_cloned_cmprs_Ptr_,457,20b757,20b806,17
spec_qsort.Cloned.3.arc_compare.65,458,20b832,20d612,723
spec_qsort.Cloned.3.arc_compare.65,459,20b858,20bb90,69
spec_qsort.Cloned.3.arc_compare.65,460,20b867,20b920,17
spec_qsort.Cloned.3.arc_compare.65,461,20b89b,20b8bf,4
spec_qsort.Cloned.3.arc_compare.65,462,20b8a3,20b8bf,4
spec_qsort.Cloned.3.arc_compare.65,463,20b8cc,20b8ec,4
spec_qsort.Cloned.3.arc_compare.65,464,20b8d3,20b8ec,4
spec_qsort.Cloned.3.arc_compare.65,465,20b8f3,20b928,3
spec_qsort.Cloned.3.arc_compare.65,466,20b8f7,20b94b,5
spec_qsort.Cloned.3.arc_compare.65,467,20b8fc,20b948,5
spec_qsort.Cloned.3.arc_compare.65,468,20b901,20b94b,5
spec_qsort.Cloned.3.arc_compare.65,469,20b92a,20b94b,2
spec_qsort.Cloned.3.arc_compare.65,470,20b932,20b94b,2
spec_qsort.Cloned.3.arc_compare.65,471,20b934,20b948,2
spec_qsort.Cloned.3.arc_compare.65,472,20b97d,20b9a1,4
spec_qsort.Cloned.3.arc_compare.65,473,20b985,20b9a1,4
spec_qsort.Cloned.3.arc_compare.65,474,20b9ae,20b9d0,3
spec_qsort.Cloned.3.arc_compare.65,475,20b9b6,20b9d0,3
spec_qsort.Cloned.3.arc_compare.65,476,20b9de,20ba02,3
spec_qsort.Cloned.3.arc_compare.65,477,20b9e3,20ba2a,6
spec_qsort.Cloned.3.arc_compare.65,478,20b9ea,20ba10,3
spec_qsort.Cloned.3.arc_compare.65,479,20b9ec,20ba27,5
spec_qsort.Cloned.3.arc_compare.65,480,20ba05,20ba2a,3
spec_qsort.Cloned.3.arc_compare.65,481,20ba0c,20ba27,2
spec_qsort.Cloned.3.arc_compare.65,482,20ba0e,20ba15,1
spec_qsort.Cloned.3.arc_compare.65,483,20ba53,20ba77,4
spec_qsort.Cloned.3.arc_compare.65,484,20ba5b,20ba77,4
spec_qsort.Cloned.3.arc_compare.65,485,20ba84,20baa5,3
spec_qsort.Cloned.3.arc_compare.65,486,20ba8b,20baa5,3
spec_qsort.Cloned.3.arc_compare.65,487,20baab,20bacc,2
spec_qsort.Cloned.3.arc_compare.65,488,20baaf,20bade,2
spec_qsort.Cloned.3.arc_compare.65,489,20bab4,20bae1,3
spec_qsort.Cloned.3.arc_compare.65,490,20bab6,20bad9,2
spec_qsort.Cloned.3.arc_compare.65,491,20bace,20bade,0
spec_qsort.Cloned.3.arc_compare.65,492,20bad3,20d48a,625
spec_qsort.Cloned.3.arc_compare.65,493,20bb02,20bb22,4
spec_qsort.Cloned.3.arc_compare.65,494,20bb09,20bb22,4
spec_qsort.Cloned.3.arc_compare.65,495,20bb2f,20bb50,3
spec_qsort.Cloned.3.arc_compare.65,496,20bb36,20bb50,3
spec_qsort.Cloned.3.arc_compare.65,497,20bb52,20bb7e,2
spec_qsort.Cloned.3.arc_compare.65,498,20bb56,20bb90,2
spec_qsort.Cloned.3.arc_compare.65,499,20bb5b,20bd56,78
spec_qsort.Cloned.3.arc_compare.65,500,20bb61,20d4b9,617
spec_qsort.Cloned.3.arc_compare.65,501,20bb80,20bb90,0
spec_qsort.Cloned.3.arc_compare.65,502,20bb85,20bd50,76
spec_qsort.Cloned.3.arc_compare.65,503,20bb94,20bd70,78
spec_qsort.Cloned.3.arc_compare.65,504,20bb9e,20bc00,33
spec_qsort.Cloned.3.arc_compare.65,505,20bc29,20bc5f,7
spec_qsort.Cloned.3.arc_compare.65,506,20bc44,20bc5f,2
spec_qsort.Cloned.3.arc_compare.65,507,20bc46,20bc56,2
spec_qsort.Cloned.3.arc_compare.65,508,20bc54,20bc5f,0
spec_qsort.Cloned.3.arc_compare.65,509,20bc63,20bc74,1
spec_qsort.Cloned.3.arc_compare.65,510,20bc77,20be20,49
spec_qsort.Cloned.3.arc_compare.65,511,20bc93,20bce3,9
spec_qsort.Cloned.3.arc_compare.65,512,20bcb7,20be20,42
spec_qsort.Cloned.3.arc_compare.65,513,20bcd3,20bce3,2
spec_qsort.Cloned.3.arc_compare.65,514,20bce7,20bd20,6
spec_qsort.Cloned.3.arc_compare.65,515,20bd50,20d4a7,538
spec_qsort.Cloned.3.arc_compare.65,516,20bd91,20bdd4,6
spec_qsort.Cloned.3.arc_compare.65,517,20bdb1,20bdd4,2
spec_qsort.Cloned.3.arc_compare.65,518,20bdb3,20bdc3,2
spec_qsort.Cloned.3.arc_compare.65,519,20bdc1,20bdd4,0
spec_qsort.Cloned.3.arc_compare.65,520,20bdd7,20be20,10
spec_qsort.Cloned.3.arc_compare.65,521,20bdec,20bdfc,3
spec_qsort.Cloned.3.arc_compare.65,522,20be27,20d4d4,517
spec_qsort.Cloned.3.arc_compare.65,523,20be48,20c000,28
spec_qsort.Cloned.3.arc_compare.65,524,20be61,20bf00,8
spec_qsort.Cloned.3.arc_compare.65,525,20be6b,20bf82,17
spec_qsort.Cloned.3.arc_compare.65,526,20be8e,20bebb,2
spec_qsort.Cloned.3.arc_compare.65,527,20bea4,20d1ca,438
spec_qsort.Cloned.3.arc_compare.65,528,20beb5,20d1ca,437
spec_qsort.Cloned.3.arc_compare.65,529,20bf12,20bf52,4
spec_qsort.Cloned.3.arc_compare.65,530,20bf3e,20d2e9,454
spec_qsort.Cloned.3.arc_compare.65,531,20bf4c,20d2e9,453
spec_qsort.Cloned.3.arc_compare.65,532,20bf94,20bfd4,4
spec_qsort.Cloned.3.arc_compare.65,533,20bfc0,20d3ba,468
spec_qsort.Cloned.3.arc_compare.65,534,20bfce,20d3ba,467
spec_qsort.Cloned.3.arc_compare.65,535,20c021,20c1e0,25
spec_qsort.Cloned.3.arc_compare.65,536,20c03e,20c0e0,8
spec_qsort.Cloned.3.arc_compare.65,537,20c048,20c161,16
spec_qsort.Cloned.3.arc_compare.65,538,20c06b,20c09b,2
spec_qsort.Cloned.3.arc_compare.65,539,20c084,20d25d,422
spec_qsort.Cloned.3.arc_compare.65,540,20c095,20d25d,421
spec_qsort.Cloned.3.arc_compare.65,541,20c0f2,20c136,4
spec_qsort.Cloned.3.arc_compare.65,542,20c122,20d34e,436
spec_qsort.Cloned.3.arc_compare.65,543,20c130,20d34e,435
spec_qsort.Cloned.3.arc_compare.65,544,20c173,20c1b7,4
spec_qsort.Cloned.3.arc_compare.65,545,20c1a3,20d41e,451
spec_qsort.Cloned.3.arc_compare.65,546,20c1b1,20d41e,450
spec_qsort.Cloned.3.arc_compare.65,547,20c1e4,20c1f6,1
spec_qsort.Cloned.3.arc_compare.65,548,20c1fa,20d041,343
spec_qsort.Cloned.3.arc_compare.65,549,20c216,20c580,75
spec_qsort.Cloned.3.arc_compare.65,550,20c22f,20c300,18
spec_qsort.Cloned.3.arc_compare.65,551,20c26e,20c295,4
spec_qsort.Cloned.3.arc_compare.65,552,20c275,20c295,4
spec_qsort.Cloned.3.arc_compare.65,553,20c2a2,20c2c9,4
spec_qsort.Cloned.3.arc_compare.65,554,20c2a9,20c2c9,4
spec_qsort.Cloned.3.arc_compare.65,555,20c2d3,20c308,3
spec_qsort.Cloned.3.arc_compare.65,556,20c2d7,20c32b,5
spec_qsort.Cloned.3.arc_compare.65,557,20c2dc,20c328,5
spec_qsort.Cloned.3.arc_compare.65,558,20c2e1,20c32b,5
spec_qsort.Cloned.3.arc_compare.65,559,20c30a,20c32b,2
spec_qsort.Cloned.3.arc_compare.65,560,20c312,20c32b,2
spec_qsort.Cloned.3.arc_compare.65,561,20c314,20c328,2
spec_qsort.Cloned.3.arc_compare.65,562,20c35d,20c380,4
spec_qsort.Cloned.3.arc_compare.65,563,20c365,20c380,4
spec_qsort.Cloned.3.arc_compare.65,564,20c393,20c3b7,3
spec_qsort.Cloned.3.arc_compare.65,565,20c39b,20c3b7,3
spec_qsort.Cloned.3.arc_compare.65,566,20c3bd,20c3e5,4
spec_qsort.Cloned.3.arc_compare.65,567,20c3c2,20c411,9
spec_qsort.Cloned.3.arc_compare.65,568,20c3c9,20c3f3,4
spec_qsort.Cloned.3.arc_compare.65,569,20c3cb,20c40e,7
spec_qsort.Cloned.3.arc_compare.65,570,20c3e8,20c411,5
spec_qsort.Cloned.3.arc_compare.65,571,20c3ef,20c40e,3
spec_qsort.Cloned.3.arc_compare.65,572,20c3f1,20c3f8,1
spec_qsort.Cloned.3.arc_compare.65,573,20c43c,20c45d,4
spec_qsort.Cloned.3.arc_compare.65,574,20c443,20c45d,4
spec_qsort.Cloned.3.arc_compare.65,575,20c46a,20c48a,3
spec_qsort.Cloned.3.arc_compare.65,576,20c471,20c48a,3
spec_qsort.Cloned.3.arc_compare.65,577,20c497,20c4b8,2
spec_qsort.Cloned.3.arc_compare.65,578,20c49b,20c4ca,2
spec_qsort.Cloned.3.arc_compare.65,579,20c4a0,20c4cd,3
spec_qsort.Cloned.3.arc_compare.65,580,20c4a2,20c4c5,2
spec_qsort.Cloned.3.arc_compare.65,581,20c4ba,20c4ca,0
spec_qsort.Cloned.3.arc_compare.65,582,20c4bf,20cebc,242
spec_qsort.Cloned.3.arc_compare.65,583,20c4ee,20c50e,4
spec_qsort.Cloned.3.arc_compare.65,584,20c4f5,20c50e,4
spec_qsort.Cloned.3.arc_compare.65,585,20c51b,20c53b,3
spec_qsort.Cloned.3.arc_compare.65,586,20c522,20c53b,3
spec_qsort.Cloned.3.arc_compare.65,587,20c53d,20c569,2
spec_qsort.Cloned.3.arc_compare.65,588,20c541,20c580,3
spec_qsort.Cloned.3.arc_compare.65,589,20c546,20c743,77
spec_qsort.Cloned.3.arc_compare.65,590,20c54c,20ceeb,234
spec_qsort.Cloned.3.arc_compare.65,591,20c56b,20c580,1
spec_qsort.Cloned.3.arc_compare.65,592,20c570,20c73d,75
spec_qsort.Cloned.3.arc_compare.65,593,20c584,20c750,75
spec_qsort.Cloned.3.arc_compare.65,594,20c58e,20c5f0,33
spec_qsort.Cloned.3.arc_compare.65,595,20c61e,20c64f,6
spec_qsort.Cloned.3.arc_compare.65,596,20c634,20c64f,2
spec_qsort.Cloned.3.arc_compare.65,597,20c636,20c646,2
spec_qsort.Cloned.3.arc_compare.65,598,20c644,20c64f,0
spec_qsort.Cloned.3.arc_compare.65,599,20c653,20c664,1
spec_qsort.Cloned.3.arc_compare.65,600,20c667,20c800,47
spec_qsort.Cloned.3.arc_compare.65,601,20c683,20c6d3,9
spec_qsort.Cloned.3.arc_compare.65,602,20c6a7,20c800,40
spec_qsort.Cloned.3.arc_compare.65,603,20c6c3,20c6d3,2
spec_qsort.Cloned.3.arc_compare.65,604,20c6d7,20c70e,6
spec_qsort.Cloned.3.arc_compare.65,605,20c73d,20ced9,156
spec_qsort.Cloned.3.arc_compare.65,606,20c776,20c7b4,6
spec_qsort.Cloned.3.arc_compare.65,607,20c791,20c7b4,2
spec_qsort.Cloned.3.arc_compare.65,608,20c793,20c7a3,2
spec_qsort.Cloned.3.arc_compare.65,609,20c7a1,20c7b4,0
spec_qsort.Cloned.3.arc_compare.65,610,20c7b7,20c800,10
spec_qsort.Cloned.3.arc_compare.65,611,20c7cc,20c7dc,3
spec_qsort.Cloned.3.arc_compare.65,612,20c806,20cf04,137
spec_qsort.Cloned.3.arc_compare.65,613,20c824,20c9d0,26
spec_qsort.Cloned.3.arc_compare.65,614,20c83d,20c8d0,7
spec_qsort.Cloned.3.arc_compare.65,615,20c847,20c952,16
spec_qsort.Cloned.3.arc_compare.65,616,20c86a,20c897,2
spec_qsort.Cloned.3.arc_compare.65,617,20c880,20cbe1,56
spec_qsort.Cloned.3.arc_compare.65,618,20c891,20cbe1,55
spec_qsort.Cloned.3.arc_compare.65,619,20c8e2,20c91f,4
spec_qsort.Cloned.3.arc_compare.65,620,20c90b,20cd0b,74
spec_qsort.Cloned.3.arc_compare.65,621,20c919,20cd0b,73
spec_qsort.Cloned.3.arc_compare.65,622,20c964,20c9a1,4
spec_qsort.Cloned.3.arc_compare.65,623,20c98d,20cddc,88
spec_qsort.Cloned.3.arc_compare.65,624,20c99b,20cddc,87
spec_qsort.Cloned.3.arc_compare.65,625,20c9e7,20cbc0,30
spec_qsort.Cloned.3.arc_compare.65,626,20ca00,20caa0,9
spec_qsort.Cloned.3.arc_compare.65,627,20ca0a,20cb32,19
spec_qsort.Cloned.3.arc_compare.65,628,20ca2d,20ca62,3
spec_qsort.Cloned.3.arc_compare.65,629,20ca4b,20cc6d,42
spec_qsort.Cloned.3.arc_compare.65,630,20ca5c,20cc6d,41
spec_qsort.Cloned.3.arc_compare.65,631,20cab2,20cafa,5
spec_qsort.Cloned.3.arc_compare.65,632,20cae6,20cd6e,56
spec_qsort.Cloned.3.arc_compare.65,633,20caf4,20cd6e,55
spec_qsort.Cloned.3.arc_compare.65,634,20cb44,20cb8c,5
spec_qsort.Cloned.3.arc_compare.65,635,20cb78,20ce4e,70
spec_qsort.Cloned.3.arc_compare.65,636,20cb86,20ce4e,69
spec_qsort.Cloned.3.arc_compare.65,637,20cbc4,20cbd2,0
spec_qsort.Cloned.3.arc_compare.65,638,20cf07,20d1a0,74
spec_qsort.Cloned.3.arc_compare.65,639,20cf14,20cf9b,16
spec_qsort.Cloned.3.arc_compare.65,640,20cf1e,20cf33,1
spec_qsort.Cloned.3.arc_compare.65,641,20cf4d,20cf5f,2
spec_qsort.Cloned.3.arc_compare.65,642,20d054,20d140,27
spec_qsort.Cloned.3.arc_compare.65,643,20d061,20d073,1
spec_qsort.Cloned.3.arc_compare.65,644,20d076,20d190,36
spec_qsort.Cloned.3.arc_compare.65,645,20d091,20d0ab,2
spec_qsort.Cloned.3.arc_compare.65,646,20d093,20d190,32
spec_qsort.Cloned.3.arc_compare.65,647,20d0a5,20d190,30
spec_qsort.Cloned.3.arc_compare.65,648,20d10b,20d190,17
spec_qsort.Cloned.3.arc_compare.65,649,20d128,20d190,13
spec_qsort.Cloned.3.arc_compare.65,650,20d146,20d190,10
spec_qsort.Cloned.3.arc_compare.65,651,20d165,20d177,3
spec_qsort.Cloned.3.arc_compare.65,652,20d167,20d190,5
spec_qsort.Cloned.3.arc_compare.65,653,20d175,20d190,3
spec_qsort.Cloned.3.arc_compare.65,654,20d1ae,20d76d,151
spec_qsort.Cloned.3.arc_compare.65,655,20d4d7,20d76d,73
spec_qsort.Cloned.3.arc_compare.65,656,20d4e4,20d56b,16
spec_qsort.Cloned.3.arc_compare.65,657,20d4ee,20d503,1
spec_qsort.Cloned.3.arc_compare.65,658,20d51d,20d52f,2
spec_qsort.Cloned.3.arc_compare.65,659,20d624,20d710,27
spec_qsort.Cloned.3.arc_compare.65,660,20d631,20d643,1
spec_qsort.Cloned.3.arc_compare.65,661,20d646,20d760,36
spec_qsort.Cloned.3.arc_compare.65,662,20d661,20d67b,2
spec_qsort.Cloned.3.arc_compare.65,663,20d663,20d760,32
spec_qsort.Cloned.3.arc_compare.65,664,20d675,20d760,30
spec_qsort.Cloned.3.arc_compare.65,665,20d6db,20d760,17
spec_qsort.Cloned.3.arc_compare.65,666,20d6f8,20d760,13
spec_qsort.Cloned.3.arc_compare.65,667,20d716,20d760,10
spec_qsort.Cloned.3.arc_compare.65,668,20d735,20d747,3
spec_qsort.Cloned.3.arc_compare.65,669,20d737,20d760,5
spec_qsort.Cloned.3.arc_compare.65,670,20d745,20d760,3
___spec_qsort.Cloned.3.arc_compare_cloned_cmprs_Ptr_.67,671,20d792,20f572,723
___spec_qsort.Cloned.3.arc_compare_cloned_cmprs_Ptr_.67,672,20d7b8,20daf0,69
___spec_qsort.Cloned.3.arc_compare_cloned_cmprs_Ptr_.67,673,20d7c7,20d880,17
___spec_qsort.Cloned.3.arc_compare_cloned_cmprs_Ptr_.67,674,20d7fb,20d81f,4
___spec_qsort.Cloned.3.arc_compare_cloned_cmprs_Ptr_.67,675,20d803,20d81f,4
___spec_qsort.Cloned.3.arc_compare_cloned_cmprs_Ptr_.67,676,20d82c,20d84c,4
___spec_qsort.Cloned.3.arc_compare_cloned_cmprs_Ptr_.67,677,20d833,20d84c,4
___spec_qsort.Cloned.3.arc_compare_cloned_cmprs_Ptr_.67,678,20d853,20d888,3
___spec_qsort.Cloned.3.arc_compare_cloned_cmprs_Ptr_.67,679,20d857,20d8ab,5
___spec_qsort.Cloned.3.arc_compare_cloned_cmprs_Ptr_.67,680,20d85c,20d8a8,5
___spec_qsort.Cloned.3.arc_compare_cloned_cmprs_Ptr_.67,681,20d861,20d8ab,5
___spec_qsort.Cloned.3.arc_compare_cloned_cmprs_Ptr_.67,682,20d88a,20d8ab,2
___spec_qsort.Cloned.3.arc_compare_cloned_cmprs_Ptr_.67,683,20d892,20d8ab,2
___spec_qsort.Cloned.3.arc_compare_cloned_cmprs_Ptr_.67,684,20d894,20d8a8,2
___spec_qsort.Cloned.3.arc_compare_cloned_cmprs_Ptr_.67,685,20d8dd,20d901,4
___spec_qsort.Cloned.3.arc_compare_cloned_cmprs_Ptr_.67,686,20d8e5,20d901,4
___spec_qsort.Cloned.3.arc_compare_cloned_cmprs_Ptr_.67,687,20d90e,20d930,3
___spec_qsort.Cloned.3.arc_compare_cloned_cmprs_Ptr_.67,688,20d916,20d930,3
___spec_qsort.Cloned.3.arc_compare_cloned_cmprs_Ptr_.67,689,20d93e,20d962,3
___spec_qsort.Cloned.3.arc_compare_cloned_cmprs_Ptr_.67,690,20d943,20d98a,6
___spec_qsort.Cloned.3.arc_compare_cloned_cmprs_Ptr_.67,691,20d94a,20d970,3
___spec_qsort.Cloned.3.arc_compare_cloned_cmprs_Ptr_.67,692,20d94c,20d987,5
___spec_qsort.Cloned.3.arc_compare_cloned_cmprs_Ptr_.67,693,20d965,20d98a,3
___spec_qsort.Cloned.3.arc_compare_cloned_cmprs_Ptr_.67,694,20d96c,20d987,2
___spec_qsort.Cloned.3.arc_compare_cloned_cmprs_Ptr_.67,695,20d96e,20d975,1
___spec_qsort.Cloned.3.arc_compare_cloned_cmprs_Ptr_.67,696,20d9b3,20d9d7,4
___spec_qsort.Cloned.3.arc_compare_cloned_cmprs_Ptr_.67,697,20d9bb,20d9d7,4
___spec_qsort.Cloned.3.arc_compare_cloned_cmprs_Ptr_.67,698,20d9e4,20da05,3
___spec_qsort.Cloned.3.arc_compare_cloned_cmprs_Ptr_.67,699,20d9eb,20da05,3
___spec_qsort.Cloned.3.arc_compare_cloned_cmprs_Ptr_.67,700,20da0b,20da2c,2
___spec_qsort.Cloned.3.arc_compare_cloned_cmprs_Ptr_.67,701,20da0f,20da3e,2
___spec_qsort.Cloned.3.arc_compare_cloned_cmprs_Ptr_.67,702,20da14,20da41,3
___spec_qsort.Cloned.3.arc_compare_cloned_cmprs_Ptr_.67,703,20da16,20da39,2
___spec_qsort.Cloned.3.arc_compare_cloned_cmprs_Ptr_.67,704,20da2e,20da3e,0
___spec_qsort.Cloned.3.arc_compare_cloned_cmprs_Ptr_.67,705,20da33,20f3ea,625
___spec_qsort.Cloned.3.arc_compare_cloned_cmprs_Ptr_.67,706,20da62,20da82,4
___spec_qsort.Cloned.3.arc_compare_cloned_cmprs_Ptr_.67,707,20da69,20da82,4
___spec_qsort.Cloned.3.arc_compare_cloned_cmprs_Ptr_.67,708,20da8f,20dab0,3
___spec_qsort.Cloned.3.arc_compare_cloned_cmprs_Ptr_.67,709,20da96,20dab0,3
___spec_qsort.Cloned.3.arc_compare_cloned_cmprs_Ptr_.67,710,20dab2,20dade,2
___spec_qsort.Cloned.3.arc_compare_cloned_cmprs_Ptr_.67,711,20dab6,20daf0,2
___spec_qsort.Cloned.3.arc_compare_cloned_cmprs_Ptr_.67,712,20dabb,20dcb6,78
___spec_qsort.Cloned.3.arc_compare_cloned_cmprs_Ptr_.67,713,20dac1,20f419,617
___spec_qsort.Cloned.3.arc_compare_cloned_cmprs_Ptr_.67,714,20dae0,20daf0,0
___spec_qsort.Cloned.3.arc_compare_cloned_cmprs_Ptr_.67,715,20dae5,20dcb0,76
___spec_qsort.Cloned.3.arc_compare_cloned_cmprs_Ptr_.67,716,20daf4,20dcd0,78
___spec_qsort.Cloned.3.arc_compare_cloned_cmprs_Ptr_.67,717,20dafe,20db60,33
___spec_qsort.Cloned.3.arc_compare_cloned_cmprs_Ptr_.67,718,20db89,20dbbf,7
___spec_qsort.Cloned.3.arc_compare_cloned_cmprs_Ptr_.67,719,20dba4,20dbbf,2
___spec_qsort.Cloned.3.arc_compare_cloned_cmprs_Ptr_.67,720,20dba6,20dbb6,2
___spec_qsort.Cloned.3.arc_compare_cloned_cmprs_Ptr_.67,721,20dbb4,20dbbf,0
___spec_qsort.Cloned.3.arc_compare_cloned_cmprs_Ptr_.67,722,20dbc3,20dbd4,1
___spec_qsort.Cloned.3.arc_compare_cloned_cmprs_Ptr_.67,723,20dbd7,20dd80,49
___spec_qsort.Cloned.3.arc_compare_cloned_cmprs_Ptr_.67,724,20dbf3,20dc43,9
___spec_qsort.Cloned.3.arc_compare_cloned_cmprs_Ptr_.67,725,20dc17,20dd80,42
___spec_qsort.Cloned.3.arc_compare_cloned_cmprs_Ptr_.67,726,20dc33,20dc43,2
___spec_qsort.Cloned.3.arc_compare_cloned_cmprs_Ptr_.67,727,20dc47,20dc80,6
___spec_qsort.Cloned.3.arc_compare_cloned_cmprs_Ptr_.67,728,20dcb0,20f407,538
___spec_qsort.Cloned.3.arc_compare_cloned_cmprs_Ptr_.67,729,20dcf1,20dd34,6
___spec_qsort.Cloned.3.arc_compare_cloned_cmprs_Ptr_.67,730,20dd11,20dd34,2
___spec_qsort.Cloned.3.arc_compare_cloned_cmprs_Ptr_.67,731,20dd13,20dd23,2
___spec_qsort.Cloned.3.arc_compare_cloned_cmprs_Ptr_.67,732,20dd21,20dd34,0
___spec_qsort.Cloned.3.arc_compare_cloned_cmprs_Ptr_.67,733,20dd37,20dd80,10
___spec_qsort.Cloned.3.arc_compare_cloned_cmprs_Ptr_.67,734,20dd4c,20dd5c,3
___spec_qsort.Cloned.3.arc_compare_cloned_cmprs_Ptr_.67,735,20dd87,20f434,517
___spec_qsort.Cloned.3.arc_compare_cloned_cmprs_Ptr_.67,736,20dda8,20df60,28
___spec_qsort.Cloned.3.arc_compare_cloned_cmprs_Ptr_.67,737,20ddc1,20de60,8
___spec_qsort.Cloned.3.arc_compare_cloned_cmprs_Ptr_.67,738,20ddcb,20dee2,17
___spec_qsort.Cloned.3.arc_compare_cloned_cmprs_Ptr_.67,739,20ddee,20de1b,2
___spec_qsort.Cloned.3.arc_compare_cloned_cmprs_Ptr_.67,740,20de04,20f12a,438
___spec_qsort.Cloned.3.arc_compare_cloned_cmprs_Ptr_.67,741,20de15,20f12a,437
___spec_qsort.Cloned.3.arc_compare_cloned_cmprs_Ptr_.67,742,20de72,20deb2,4
___spec_qsort.Cloned.3.arc_compare_cloned_cmprs_Ptr_.67,743,20de9e,20f249,454
___spec_qsort.Cloned.3.arc_compare_cloned_cmprs_Ptr_.67,744,20deac,20f249,453
___spec_qsort.Cloned.3.arc_compare_cloned_cmprs_Ptr_.67,745,20def4,20df34,4
___spec_qsort.Cloned.3.arc_compare_cloned_cmprs_Ptr_.67,746,20df20,20f31a,468
___spec_qsort.Cloned.3.arc_compare_cloned_cmprs_Ptr_.67,747,20df2e,20f31a,467
___spec_qsort.Cloned.3.arc_compare_cloned_cmprs_Ptr_.67,748,20df81,20e140,25
___spec_qsort.Cloned.3.arc_compare_cloned_cmprs_Ptr_.67,749,20df9e,20e040,8
___spec_qsort.Cloned.3.arc_compare_cloned_cmprs_Ptr_.67,750,20dfa8,20e0c1,16
___spec_qsort.Cloned.3.arc_compare_cloned_cmprs_Ptr_.67,751,20dfcb,20dffb,2
___spec_qsort.Cloned.3.arc_compare_cloned_cmprs_Ptr_.67,752,20dfe4,20f1bd,422
___spec_qsort.Cloned.3.arc_compare_cloned_cmprs_Ptr_.67,753,20dff5,20f1bd,421
___spec_qsort.Cloned.3.arc_compare_cloned_cmprs_Ptr_.67,754,20e052,20e096,4
___spec_qsort.Cloned.3.arc_compare_cloned_cmprs_Ptr_.67,755,20e082,20f2ae,436
___spec_qsort.Cloned.3.arc_compare_cloned_cmprs_Ptr_.67,756,20e090,20f2ae,435
___spec_qsort.Cloned.3.arc_compare_cloned_cmprs_Ptr_.67,757,20e0d3,20e117,4
___spec_qsort.Cloned.3.arc_compare_cloned_cmprs_Ptr_.67,758,20e103,20f37e,451
___spec_qsort.Cloned.3.arc_compare_cloned_cmprs_Ptr_.67,759,20e111,20f37e,450
___spec_qsort.Cloned.3.arc_compare_cloned_cmprs_Ptr_.67,760,20e144,20e156,1
___spec_qsort.Cloned.3.arc_compare_cloned_cmprs_Ptr_.67,761,20e15a,20efa1,343
___spec_qsort.Cloned.3.arc_compare_cloned_cmprs_Ptr_.67,762,20e176,20e4e0,75
___spec_qsort.Cloned.3.arc_compare_cloned_cmprs_Ptr_.67,763,20e18f,20e260,18
___spec_qsort.Cloned.3.arc_compare_cloned_cmprs_Ptr_.67,764,20e1ce,20e1f5,4
___spec_qsort.Cloned.3.arc_compare_cloned_cmprs_Ptr_.67,765,20e1d5,20e1f5,4
___spec_qsort.Cloned.3.arc_compare_cloned_cmprs_Ptr_.67,766,20e202,20e229,4
___spec_qsort.Cloned.3.arc_compare_cloned_cmprs_Ptr_.67,767,20e209,20e229,4
___spec_qsort.Cloned.3.arc_compare_cloned_cmprs_Ptr_.67,768,20e233,20e268,3
___spec_qsort.Cloned.3.arc_compare_cloned_cmprs_Ptr_.67,769,20e237,20e28b,5
___spec_qsort.Cloned.3.arc_compare_cloned_cmprs_Ptr_.67,770,20e23c,20e288,5
___spec_qsort.Cloned.3.arc_compare_cloned_cmprs_Ptr_.67,771,20e241,20e28b,5
___spec_qsort.Cloned.3.arc_compare_cloned_cmprs_Ptr_.67,772,20e26a,20e28b,2
___spec_qsort.Cloned.3.arc_compare_cloned_cmprs_Ptr_.67,773,20e272,20e28b,2
___spec_qsort.Cloned.3.arc_compare_cloned_cmprs_Ptr_.67,774,20e274,20e288,2
___spec_qsort.Cloned.3.arc_compare_cloned_cmprs_Ptr_.67,775,20e2bd,20e2e0,4
___spec_qsort.Cloned.3.arc_compare_cloned_cmprs_Ptr_.67,776,20e2c5,20e2e0,4
___spec_qsort.Cloned.3.arc_compare_cloned_cmprs_Ptr_.67,777,20e2f3,20e317,3
___spec_qsort.Cloned.3.arc_compare_cloned_cmprs_Ptr_.67,778,20e2fb,20e317,3
___spec_qsort.Cloned.3.arc_compare_cloned_cmprs_Ptr_.67,779,20e31d,20e345,4
___spec_qsort.Cloned.3.arc_compare_cloned_cmprs_Ptr_.67,780,20e322,20e371,9
___spec_qsort.Cloned.3.arc_compare_cloned_cmprs_Ptr_.67,781,20e329,20e353,4
___spec_qsort.Cloned.3.arc_compare_cloned_cmprs_Ptr_.67,782,20e32b,20e36e,7
___spec_qsort.Cloned.3.arc_compare_cloned_cmprs_Ptr_.67,783,20e348,20e371,5
___spec_qsort.Cloned.3.arc_compare_cloned_cmprs_Ptr_.67,784,20e34f,20e36e,3
___spec_qsort.Cloned.3.arc_compare_cloned_cmprs_Ptr_.67,785,20e351,20e358,1
___spec_qsort.Cloned.3.arc_compare_cloned_cmprs_Ptr_.67,786,20e39c,20e3bd,4
___spec_qsort.Cloned.3.arc_compare_cloned_cmprs_Ptr_.67,787,20e3a3,20e3bd,4
___spec_qsort.Cloned.3.arc_compare_cloned_cmprs_Ptr_.67,788,20e3ca,20e3ea,3
___spec_qsort.Cloned.3.arc_compare_cloned_cmprs_Ptr_.67,789,20e3d1,20e3ea,3
___spec_qsort.Cloned.3.arc_compare_cloned_cmprs_Ptr_.67,790,20e3f7,20e418,2
___spec_qsort.Cloned.3.arc_compare_cloned_cmprs_Ptr_.67,791,20e3fb,20e42a,2
___spec_qsort.Cloned.3.arc_compare_cloned_cmprs_Ptr_.67,792,20e400,20e42d,3
___spec_qsort.Cloned.3.arc_compare_cloned_cmprs_Ptr_.67,793,20e402,20e425,2
___spec_qsort.Cloned.3.arc_compare_cloned_cmprs_Ptr_.67,794,20e41a,20e42a,0
___spec_qsort.Cloned.3.arc_compare_cloned_cmprs_Ptr_.67,795,20e41f,20ee1c,242
___spec_qsort.Cloned.3.arc_compare_cloned_cmprs_Ptr_.67,796,20e44e,20e46e,4
___spec_qsort.Cloned.3.arc_compare_cloned_cmprs_Ptr_.67,797,20e455,20e46e,4
___spec_qsort.Cloned.3.arc_compare_cloned_cmprs_Ptr_.67,798,20e47b,20e49b,3
___spec_qsort.Cloned.3.arc_compare_cloned_cmprs_Ptr_.67,799,20e482,20e49b,3
___spec_qsort.Cloned.3.arc_compare_cloned_cmprs_Ptr_.67,800,20e49d,20e4c9,2
___spec_qsort.Cloned.3.arc_compare_cloned_cmprs_Ptr_.67,801,20e4a1,20e4e0,3
___spec_qsort.Cloned.3.arc_compare_cloned_cmprs_Ptr_.67,802,20e4a6,20e6a3,77
___spec_qsort.Cloned.3.arc_compare_cloned_cmprs_Ptr_.67,803,20e4ac,20ee4b,234
___spec_qsort.Cloned.3.arc_compare_cloned_cmprs_Ptr_.67,804,20e4cb,20e4e0,1
___spec_qsort.Cloned.3.arc_compare_cloned_cmprs_Ptr_.67,805,20e4d0,20e69d,75
___spec_qsort.Cloned.3.arc_compare_cloned_cmprs_Ptr_.67,806,20e4e4,20e6b0,75
___spec_qsort.Cloned.3.arc_compare_cloned_cmprs_Ptr_.67,807,20e4ee,20e550,33
___spec_qsort.Cloned.3.arc_compare_cloned_cmprs_Ptr_.67,808,20e57e,20e5af,6
___spec_qsort.Cloned.3.arc_compare_cloned_cmprs_Ptr_.67,809,20e594,20e5af,2
___spec_qsort.Cloned.3.arc_compare_cloned_cmprs_Ptr_.67,810,20e596,20e5a6,2
___spec_qsort.Cloned.3.arc_compare_cloned_cmprs_Ptr_.67,811,20e5a4,20e5af,0
___spec_qsort.Cloned.3.arc_compare_cloned_cmprs_Ptr_.67,812,20e5b3,20e5c4,1
___spec_qsort.Cloned.3.arc_compare_cloned_cmprs_Ptr_.67,813,20e5c7,20e760,47
___spec_qsort.Cloned.3.arc_compare_cloned_cmprs_Ptr_.67,814,20e5e3,20e633,9
___spec_qsort.Cloned.3.arc_compare_cloned_cmprs_Ptr_.67,815,20e607,20e760,40
___spec_qsort.Cloned.3.arc_compare_cloned_cmprs_Ptr_.67,816,20e623,20e633,2
___spec_qsort.Cloned.3.arc_compare_cloned_cmprs_Ptr_.67,817,20e637,20e66e,6
___spec_qsort.Cloned.3.arc_compare_cloned_cmprs_Ptr_.67,818,20e69d,20ee39,156
___spec_qsort.Cloned.3.arc_compare_cloned_cmprs_Ptr_.67,819,20e6d6,20e714,6
___spec_qsort.Cloned.3.arc_compare_cloned_cmprs_Ptr_.67,820,20e6f1,20e714,2
___spec_qsort.Cloned.3.arc_compare_cloned_cmprs_Ptr_.67,821,20e6f3,20e703,2
___spec_qsort.Cloned.3.arc_compare_cloned_cmprs_Ptr_.67,822,20e701,20e714,0
___spec_qsort.Cloned.3.arc_compare_cloned_cmprs_Ptr_.67,823,20e717,20e760,10
___spec_qsort.Cloned.3.arc_compare_cloned_cmprs_Ptr_.67,824,20e72c,20e73c,3
___spec_qsort.Cloned.3.arc_compare_cloned_cmprs_Ptr_.67,825,20e766,20ee64,137
___spec_qsort.Cloned.3.arc_compare_cloned_cmprs_Ptr_.67,826,20e784,20e930,26
___spec_qsort.Cloned.3.arc_compare_cloned_cmprs_Ptr_.67,827,20e79d,20e830,7
___spec_qsort.Cloned.3.arc_compare_cloned_cmprs_Ptr_.67,828,20e7a7,20e8b2,16
___spec_qsort.Cloned.3.arc_compare_cloned_cmprs_Ptr_.67,829,20e7ca,20e7f7,2
___spec_qsort.Cloned.3.arc_compare_cloned_cmprs_Ptr_.67,830,20e7e0,20eb41,56
___spec_qsort.Cloned.3.arc_compare_cloned_cmprs_Ptr_.67,831,20e7f1,20eb41,55
___spec_qsort.Cloned.3.arc_compare_cloned_cmprs_Ptr_.67,832,20e842,20e87f,4
___spec_qsort.Cloned.3.arc_compare_cloned_cmprs_Ptr_.67,833,20e86b,20ec6b,74
___spec_qsort.Cloned.3.arc_compare_cloned_cmprs_Ptr_.67,834,20e879,20ec6b,73
___spec_qsort.Cloned.3.arc_compare_cloned_cmprs_Ptr_.67,835,20e8c4,20e901,4
___spec_qsort.Cloned.3.arc_compare_cloned_cmprs_Ptr_.67,836,20e8ed,20ed3c,88
___spec_qsort.Cloned.3.arc_compare_cloned_cmprs_Ptr_.67,837,20e8fb,20ed3c,87
___spec_qsort.Cloned.3.arc_compare_cloned_cmprs_Ptr_.67,838,20e947,20eb20,30
___spec_qsort.Cloned.3.arc_compare_cloned_cmprs_Ptr_.67,839,20e960,20ea00,9
___spec_qsort.Cloned.3.arc_compare_cloned_cmprs_Ptr_.67,840,20e96a,20ea92,19
___spec_qsort.Cloned.3.arc_compare_cloned_cmprs_Ptr_.67,841,20e98d,20e9c2,3
___spec_qsort.Cloned.3.arc_compare_cloned_cmprs_Ptr_.67,842,20e9ab,20ebcd,42
___spec_qsort.Cloned.3.arc_compare_cloned_cmprs_Ptr_.67,843,20e9bc,20ebcd,41
___spec_qsort.Cloned.3.arc_compare_cloned_cmprs_Ptr_.67,844,20ea12,20ea5a,5
___spec_qsort.Cloned.3.arc_compare_cloned_cmprs_Ptr_.67,845,20ea46,20ecce,56
___spec_qsort.Cloned.3.arc_compare_cloned_cmprs_Ptr_.67,846,20ea54,20ecce,55
___spec_qsort.Cloned.3.arc_compare_cloned_cmprs_Ptr_.67,847,20eaa4,20eaec,5
___spec_qsort.Cloned.3.arc_compare_cloned_cmprs_Ptr_.67,848,20ead8,20edae,70
___spec_qsort.Cloned.3.arc_compare_cloned_cmprs_Ptr_.67,849,20eae6,20edae,69
___spec_qsort.Cloned.3.arc_compare_cloned_cmprs_Ptr_.67,850,20eb24,20eb32,0
___spec_qsort.Cloned.3.arc_compare_cloned_cmprs_Ptr_.67,851,20ee67,20f100,74
___spec_qsort.Cloned.3.arc_compare_cloned_cmprs_Ptr_.67,852,20ee74,20eefb,16
___spec_qsort.Cloned.3.arc_compare_cloned_cmprs_Ptr_.67,853,20ee7e,20ee93,1
___spec_qsort.Cloned.3.arc_compare_cloned_cmprs_Ptr_.67,854,20eead,20eebf,2
___spec_qsort.Cloned.3.arc_compare_cloned_cmprs_Ptr_.67,855,20efb4,20f0a0,27
___spec_qsort.Cloned.3.arc_compare_cloned_cmprs_Ptr_.67,856,20efc1,20efd3,1
___spec_qsort.Cloned.3.arc_compare_cloned_cmprs_Ptr_.67,857,20efd6,20f0f0,36
___spec_qsort.Cloned.3.arc_compare_cloned_cmprs_Ptr_.67,858,20eff1,20f00b,2
___spec_qsort.Cloned.3.arc_compare_cloned_cmprs_Ptr_.67,859,20eff3,20f0f0,32
___spec_qsort.Cloned.3.arc_compare_cloned_cmprs_Ptr_.67,860,20f005,20f0f0,30
___spec_qsort.Cloned.3.arc_compare_cloned_cmprs_Ptr_.67,861,20f06b,20f0f0,17
___spec_qsort.Cloned.3.arc_compare_cloned_cmprs_Ptr_.67,862,20f088,20f0f0,13
___spec_qsort.Cloned.3.arc_compare_cloned_cmprs_Ptr_.67,863,20f0a6,20f0f0,10
___spec_qsort.Cloned.3.arc_compare_cloned_cmprs_Ptr_.67,864,20f0c5,20f0d7,3
___spec_qsort.Cloned.3.arc_compare_cloned_cmprs_Ptr_.67,865,20f0c7,20f0f0,5
___spec_qsort.Cloned.3.arc_compare_cloned_cmprs_Ptr_.67,866,20f0d5,20f0f0,3
___spec_qsort.Cloned.3.arc_compare_cloned_cmprs_Ptr_.67,867,20f10e,20f6cd,151
___spec_qsort.Cloned.3.arc_compare_cloned_cmprs_Ptr_.67,868,20f437,20f6cd,73
___spec_qsort.Cloned.3.arc_compare_cloned_cmprs_Ptr_.67,869,20f444,20f4cb,16
___spec_qsort.Cloned.3.arc_compare_cloned_cmprs_Ptr_.67,870,20f44e,20f463,1
___spec_qsort.Cloned.3.arc_compare_cloned_cmprs_Ptr_.67,871,20f47d,20f48f,2
___spec_qsort.Cloned.3.arc_compare_cloned_cmprs_Ptr_.67,872,20f584,20f670,27
___spec_qsort.Cloned.3.arc_compare_cloned_cmprs_Ptr_.67,873,20f591,20f5a3,1
___spec_qsort.Cloned.3.arc_compare_cloned_cmprs_Ptr_.67,874,20f5a6,20f6c0,36
___spec_qsort.Cloned.3.arc_compare_cloned_cmprs_Ptr_.67,875,20f5c1,20f5db,2
___spec_qsort.Cloned.3.arc_compare_cloned_cmprs_Ptr_.67,876,20f5c3,20f6c0,32
___spec_qsort.Cloned.3.arc_compare_cloned_cmprs_Ptr_.67,877,20f5d5,20f6c0,30
___spec_qsort.Cloned.3.arc_compare_cloned_cmprs_Ptr_.67,878,20f63b,20f6c0,17
___spec_qsort.Cloned.3.arc_compare_cloned_cmprs_Ptr_.67,879,20f658,20f6c0,13
___spec_qsort.Cloned.3.arc_compare_cloned_cmprs_Ptr_.67,880,20f676,20f6c0,10
___spec_qsort.Cloned.3.arc_compare_cloned_cmprs_Ptr_.67,881,20f695,20f6a7,3
___spec_qsort.Cloned.3.arc_compare_cloned_cmprs_Ptr_.67,882,20f697,20f6c0,5
___spec_qsort.Cloned.3.arc_compare_cloned_cmprs_Ptr_.67,883,20f6a5,20f6c0,3
spec_qsort.Cloned.3.arc_compare.65.AlignOpt.Clone,884,20f6f2,210dd9,539
spec_qsort.Cloned.3.arc_compare.65.AlignOpt.Clone,885,20f718,20fa80,75
spec_qsort.Cloned.3.arc_compare.65.AlignOpt.Clone,886,20f727,20f7e0,17
spec_qsort.Cloned.3.arc_compare.65.AlignOpt.Clone,887,20f75b,20f77f,4
spec_qsort.Cloned.3.arc_compare.65.AlignOpt.Clone,888,20f763,20f77f,4
spec_qsort.Cloned.3.arc_compare.65.AlignOpt.Clone,889,20f78c,20f7ac,4
spec_qsort.Cloned.3.arc_compare.65.AlignOpt.Clone,890,20f793,20f7ac,4
spec_qsort.Cloned.3.arc_compare.65.AlignOpt.Clone,891,20f7b3,20f7e8,3
spec_qsort.Cloned.3.arc_compare.65.AlignOpt.Clone,892,20f7b7,20f80b,5
spec_qsort.Cloned.3.arc_compare.65.AlignOpt.Clone,893,20f7bc,20f808,5
spec_qsort.Cloned.3.arc_compare.65.AlignOpt.Clone,894,20f7c1,20f80b,5
spec_qsort.Cloned.3.arc_compare.65.AlignOpt.Clone,895,20f7ea,20f80b,2
spec_qsort.Cloned.3.arc_compare.65.AlignOpt.Clone,896,20f7f2,20f80b,2
spec_qsort.Cloned.3.arc_compare.65.AlignOpt.Clone,897,20f7f4,20f808,2
spec_qsort.Cloned.3.arc_compare.65.AlignOpt.Clone,898,20f83d,20f861,4
spec_qsort.Cloned.3.arc_compare.65.AlignOpt.Clone,899,20f845,20f861,4
spec_qsort.Cloned.3.arc_compare.65.AlignOpt.Clone,900,20f86e,20f890,3
spec_qsort.Cloned.3.arc_compare.65.AlignOpt.Clone,901,20f876,20f890,3
spec_qsort.Cloned.3.arc_compare.65.AlignOpt.Clone,902,20f89e,20f8c2,3
spec_qsort.Cloned.3.arc_compare.65.AlignOpt.Clone,903,20f8a3,20f8ea,6
spec_qsort.Cloned.3.arc_compare.65.AlignOpt.Clone,904,20f8aa,20f8d0,3
spec_qsort.Cloned.3.arc_compare.65.AlignOpt.Clone,905,20f8ac,20f8e7,5
spec_qsort.Cloned.3.arc_compare.65.AlignOpt.Clone,906,20f8c5,20f8ea,3
spec_qsort.Cloned.3.arc_compare.65.AlignOpt.Clone,907,20f8cc,20f8e7,2
spec_qsort.Cloned.3.arc_compare.65.AlignOpt.Clone,908,20f8ce,20f8d5,1
spec_qsort.Cloned.3.arc_compare.65.AlignOpt.Clone,909,20f913,20f937,4
spec_qsort.Cloned.3.arc_compare.65.AlignOpt.Clone,910,20f91b,20f937,4
spec_qsort.Cloned.3.arc_compare.65.AlignOpt.Clone,911,20f944,20f965,3
spec_qsort.Cloned.3.arc_compare.65.AlignOpt.Clone,912,20f94b,20f965,3
spec_qsort.Cloned.3.arc_compare.65.AlignOpt.Clone,913,20f96b,20f98c,2
spec_qsort.Cloned.3.arc_compare.65.AlignOpt.Clone,914,20f96f,20f99e,2
spec_qsort.Cloned.3.arc_compare.65.AlignOpt.Clone,915,20f974,20f9a1,3
spec_qsort.Cloned.3.arc_compare.65.AlignOpt.Clone,916,20f976,20f999,2
spec_qsort.Cloned.3.arc_compare.65.AlignOpt.Clone,917,20f98e,20f99e,0
spec_qsort.Cloned.3.arc_compare.65.AlignOpt.Clone,918,20f993,20fa43,14
spec_qsort.Cloned.3.arc_compare.65.AlignOpt.Clone,919,20f9c2,20f9e2,4
spec_qsort.Cloned.3.arc_compare.65.AlignOpt.Clone,920,20f9c9,20f9e2,4
spec_qsort.Cloned.3.arc_compare.65.AlignOpt.Clone,921,20f9ef,20fa10,3
spec_qsort.Cloned.3.arc_compare.65.AlignOpt.Clone,922,20f9f6,20fa10,3
spec_qsort.Cloned.3.arc_compare.65.AlignOpt.Clone,923,20fa12,20fa33,2
spec_qsort.Cloned.3.arc_compare.65.AlignOpt.Clone,924,20fa16,20fa80,8
spec_qsort.Cloned.3.arc_compare.65.AlignOpt.Clone,925,20fa1b,20fa3e,2
spec_qsort.Cloned.3.arc_compare.65.AlignOpt.Clone,926,20fa1d,20fa72,6
spec_qsort.Cloned.3.arc_compare.65.AlignOpt.Clone,927,20fa35,20fa80,6
spec_qsort.Cloned.3.arc_compare.65.AlignOpt.Clone,928,20fa3a,20fa72,4
spec_qsort.Cloned.3.arc_compare.65.AlignOpt.Clone,929,20fa3c,20fa60,3
spec_qsort.Cloned.3.arc_compare.65.AlignOpt.Clone,930,20fabe,20fb04,6
spec_qsort.Cloned.3.arc_compare.65.AlignOpt.Clone,931,20fad1,20fb04,3
spec_qsort.Cloned.3.arc_compare.65.AlignOpt.Clone,932,20fad3,20fae3,2
spec_qsort.Cloned.3.arc_compare.65.AlignOpt.Clone,933,20fae1,20fb04,1
spec_qsort.Cloned.3.arc_compare.65.AlignOpt.Clone,934,20fb07,20fb40,7
spec_qsort.Cloned.3.arc_compare.65.AlignOpt.Clone,935,20fb47,210d84,430
spec_qsort.Cloned.3.arc_compare.65.AlignOpt.Clone,936,20fb69,20fbfd,10
spec_qsort.Cloned.3.arc_compare.65.AlignOpt.Clone,937,20fb8a,20fbcd,4
spec_qsort.Cloned.3.arc_compare.65.AlignOpt.Clone,938,20fbb9,210c9a,401
spec_qsort.Cloned.3.arc_compare.65.AlignOpt.Clone,939,20fbc7,210c9a,400
spec_qsort.Cloned.3.arc_compare.65.AlignOpt.Clone,940,20fc19,20fcad,10
spec_qsort.Cloned.3.arc_compare.65.AlignOpt.Clone,941,20fc3a,20fc81,4
spec_qsort.Cloned.3.arc_compare.65.AlignOpt.Clone,942,20fc6d,210d0f,403
spec_qsort.Cloned.3.arc_compare.65.AlignOpt.Clone,943,20fc7b,210d0f,402
spec_qsort.Cloned.3.arc_compare.65.AlignOpt.Clone,944,20fcb6,20fcc6,1
spec_qsort.Cloned.3.arc_compare.65.AlignOpt.Clone,945,20fcca,210b11,343
spec_qsort.Cloned.3.arc_compare.65.AlignOpt.Clone,946,20fce6,210050,75
spec_qsort.Cloned.3.arc_compare.65.AlignOpt.Clone,947,20fcff,20fdd0,18
spec_qsort.Cloned.3.arc_compare.65.AlignOpt.Clone,948,20fd3e,20fd65,4
spec_qsort.Cloned.3.arc_compare.65.AlignOpt.Clone,949,20fd45,20fd65,4
spec_qsort.Cloned.3.arc_compare.65.AlignOpt.Clone,950,20fd72,20fd99,4
spec_qsort.Cloned.3.arc_compare.65.AlignOpt.Clone,951,20fd79,20fd99,4
spec_qsort.Cloned.3.arc_compare.65.AlignOpt.Clone,952,20fda3,20fdd8,3
spec_qsort.Cloned.3.arc_compare.65.AlignOpt.Clone,953,20fda7,20fdfb,5
spec_qsort.Cloned.3.arc_compare.65.AlignOpt.Clone,954,20fdac,20fdf8,5
spec_qsort.Cloned.3.arc_compare.65.AlignOpt.Clone,955,20fdb1,20fdfb,5
spec_qsort.Cloned.3.arc_compare.65.AlignOpt.Clone,956,20fdda,20fdfb,2
spec_qsort.Cloned.3.arc_compare.65.AlignOpt.Clone,957,20fde2,20fdfb,2
spec_qsort.Cloned.3.arc_compare.65.AlignOpt.Clone,958,20fde4,20fdf8,2
spec_qsort.Cloned.3.arc_compare.65.AlignOpt.Clone,959,20fe2d,20fe50,4
spec_qsort.Cloned.3.arc_compare.65.AlignOpt.Clone,960,20fe35,20fe50,4
spec_qsort.Cloned.3.arc_compare.65.AlignOpt.Clone,961,20fe63,20fe87,3
spec_qsort.Cloned.3.arc_compare.65.AlignOpt.Clone,962,20fe6b,20fe87,3
spec_qsort.Cloned.3.arc_compare.65.AlignOpt.Clone,963,20fe8d,20feb5,4
spec_qsort.Cloned.3.arc_compare.65.AlignOpt.Clone,964,20fe92,20fee1,9
spec_qsort.Cloned.3.arc_compare.65.AlignOpt.Clone,965,20fe99,20fec3,4
spec_qsort.Cloned.3.arc_compare.65.AlignOpt.Clone,966,20fe9b,20fede,7
spec_qsort.Cloned.3.arc_compare.65.AlignOpt.Clone,967,20feb8,20fee1,5
spec_qsort.Cloned.3.arc_compare.65.AlignOpt.Clone,968,20febf,20fede,3
spec_qsort.Cloned.3.arc_compare.65.AlignOpt.Clone,969,20fec1,20fec8,1
spec_qsort.Cloned.3.arc_compare.65.AlignOpt.Clone,970,20ff0c,20ff2d,4
spec_qsort.Cloned.3.arc_compare.65.AlignOpt.Clone,971,20ff13,20ff2d,4
spec_qsort.Cloned.3.arc_compare.65.AlignOpt.Clone,972,20ff3a,20ff5a,3
spec_qsort.Cloned.3.arc_compare.65.AlignOpt.Clone,973,20ff41,20ff5a,3
spec_qsort.Cloned.3.arc_compare.65.AlignOpt.Clone,974,20ff67,20ff88,2
spec_qsort.Cloned.3.arc_compare.65.AlignOpt.Clone,975,20ff6b,20ff9a,2
spec_qsort.Cloned.3.arc_compare.65.AlignOpt.Clone,976,20ff70,20ff9d,3
spec_qsort.Cloned.3.arc_compare.65.AlignOpt.Clone,977,20ff72,20ff95,2
spec_qsort.Cloned.3.arc_compare.65.AlignOpt.Clone,978,20ff8a,20ff9a,0
spec_qsort.Cloned.3.arc_compare.65.AlignOpt.Clone,979,20ff8f,21098c,242
spec_qsort.Cloned.3.arc_compare.65.AlignOpt.Clone,980,20ffbe,20ffde,4
spec_qsort.Cloned.3.arc_compare.65.AlignOpt.Clone,981,20ffc5,20ffde,4
spec_qsort.Cloned.3.arc_compare.65.AlignOpt.Clone,982,20ffeb,21000b,3
spec_qsort.Cloned.3.arc_compare.65.AlignOpt.Clone,983,20fff2,21000b,3
spec_qsort.Cloned.3.arc_compare.65.AlignOpt.Clone,984,21000d,210039,2
spec_qsort.Cloned.3.arc_compare.65.AlignOpt.Clone,985,210011,210050,3
spec_qsort.Cloned.3.arc_compare.65.AlignOpt.Clone,986,210016,210213,77
spec_qsort.Cloned.3.arc_compare.65.AlignOpt.Clone,987,21001c,2109bb,234
spec_qsort.Cloned.3.arc_compare.65.AlignOpt.Clone,988,21003b,210050,1
spec_qsort.Cloned.3.arc_compare.65.AlignOpt.Clone,989,210040,21020d,75
spec_qsort.Cloned.3.arc_compare.65.AlignOpt.Clone,990,210054,210220,75
spec_qsort.Cloned.3.arc_compare.65.AlignOpt.Clone,991,21005e,2100c0,33
spec_qsort.Cloned.3.arc_compare.65.AlignOpt.Clone,992,2100ee,21011f,6
spec_qsort.Cloned.3.arc_compare.65.AlignOpt.Clone,993,210104,21011f,2
spec_qsort.Cloned.3.arc_compare.65.AlignOpt.Clone,994,210106,210116,2
spec_qsort.Cloned.3.arc_compare.65.AlignOpt.Clone,995,210114,21011f,0
spec_qsort.Cloned.3.arc_compare.65.AlignOpt.Clone,996,210123,210134,1
spec_qsort.Cloned.3.arc_compare.65.AlignOpt.Clone,997,210137,2102d0,47
spec_qsort.Cloned.3.arc_compare.65.AlignOpt.Clone,998,210153,2101a3,9
spec_qsort.Cloned.3.arc_compare.65.AlignOpt.Clone,999,210177,2102d0,40
spec_qsort.Cloned.3.arc_compare.65.AlignOpt.Clone,1000,210193,2101a3,2
spec_qsort.Cloned.3.arc_compare.65.AlignOpt.Clone,1001,2101a7,2101de,6
spec_qsort.Cloned.3.arc_compare.65.AlignOpt.Clone,1002,21020d,2109a9,156
spec_qsort.Cloned.3.arc_compare.65.AlignOpt.Clone,1003,210246,210284,6
spec_qsort.Cloned.3.arc_compare.65.AlignOpt.Clone,1004,210261,210284,2
spec_qsort.Cloned.3.arc_compare.65.AlignOpt.Clone,1005,210263,210273,2
spec_qsort.Cloned.3.arc_compare.65.AlignOpt.Clone,1006,210271,210284,0
spec_qsort.Cloned.3.arc_compare.65.AlignOpt.Clone,1007,210287,2102d0,10
spec_qsort.Cloned.3.arc_compare.65.AlignOpt.Clone,1008,21029c,2102ac,3
spec_qsort.Cloned.3.arc_compare.65.AlignOpt.Clone,1009,2102d6,2109d4,137
spec_qsort.Cloned.3.arc_compare.65.AlignOpt.Clone,1010,2102f4,2104a0,26
spec_qsort.Cloned.3.arc_compare.65.AlignOpt.Clone,1011,21030d,2103a0,7
spec_qsort.Cloned.3.arc_compare.65.AlignOpt.Clone,1012,210317,210422,16
spec_qsort.Cloned.3.arc_compare.65.AlignOpt.Clone,1013,21033a,210367,2
spec_qsort.Cloned.3.arc_compare.65.AlignOpt.Clone,1014,210350,2106b1,56
spec_qsort.Cloned.3.arc_compare.65.AlignOpt.Clone,1015,210361,2106b1,55
spec_qsort.Cloned.3.arc_compare.65.AlignOpt.Clone,1016,2103b2,2103ef,4
spec_qsort.Cloned.3.arc_compare.65.AlignOpt.Clone,1017,2103db,2107db,74
spec_qsort.Cloned.3.arc_compare.65.AlignOpt.Clone,1018,2103e9,2107db,73
spec_qsort.Cloned.3.arc_compare.65.AlignOpt.Clone,1019,210434,210471,4
spec_qsort.Cloned.3.arc_compare.65.AlignOpt.Clone,1020,21045d,2108ac,88
spec_qsort.Cloned.3.arc_compare.65.AlignOpt.Clone,1021,21046b,2108ac,87
spec_qsort.Cloned.3.arc_compare.65.AlignOpt.Clone,1022,2104b7,210690,30
spec_qsort.Cloned.3.arc_compare.65.AlignOpt.Clone,1023,2104d0,210570,9
spec_qsort.Cloned.3.arc_compare.65.AlignOpt.Clone,1024,2104da,210602,19
spec_qsort.Cloned.3.arc_compare.65.AlignOpt.Clone,1025,2104fd,210532,3
spec_qsort.Cloned.3.arc_compare.65.AlignOpt.Clone,1026,21051b,21073d,42
spec_qsort.Cloned.3.arc_compare.65.AlignOpt.Clone,1027,21052c,21073d,41
spec_qsort.Cloned.3.arc_compare.65.AlignOpt.Clone,1028,210582,2105ca,5
spec_qsort.Cloned.3.arc_compare.65.AlignOpt.Clone,1029,2105b6,21083e,56
spec_qsort.Cloned.3.arc_compare.65.AlignOpt.Clone,1030,2105c4,21083e,55
spec_qsort.Cloned.3.arc_compare.65.AlignOpt.Clone,1031,210614,21065c,5
spec_qsort.Cloned.3.arc_compare.65.AlignOpt.Clone,1032,210648,21091e,70
spec_qsort.Cloned.3.arc_compare.65.AlignOpt.Clone,1033,210656,21091e,69
spec_qsort.Cloned.3.arc_compare.65.AlignOpt.Clone,1034,210694,2106a2,0
spec_qsort.Cloned.3.arc_compare.65.AlignOpt.Clone,1035,2109d7,210c70,74
spec_qsort.Cloned.3.arc_compare.65.AlignOpt.Clone,1036,2109e4,210a6b,16
spec_qsort.Cloned.3.arc_compare.65.AlignOpt.Clone,1037,2109ee,210a03,1
spec_qsort.Cloned.3.arc_compare.65.AlignOpt.Clone,1038,210a1d,210a2f,2
spec_qsort.Cloned.3.arc_compare.65.AlignOpt.Clone,1039,210b24,210c10,27
spec_qsort.Cloned.3.arc_compare.65.AlignOpt.Clone,1040,210b31,210b43,1
spec_qsort.Cloned.3.arc_compare.65.AlignOpt.Clone,1041,210b46,210c60,36
spec_qsort.Cloned.3.arc_compare.65.AlignOpt.Clone,1042,210b61,210b7b,2
spec_qsort.Cloned.3.arc_compare.65.AlignOpt.Clone,1043,210b63,210c60,32
spec_qsort.Cloned.3.arc_compare.65.AlignOpt.Clone,1044,210b75,210c60,30
spec_qsort.Cloned.3.arc_compare.65.AlignOpt.Clone,1045,210bdb,210c60,17
spec_qsort.Cloned.3.arc_compare.65.AlignOpt.Clone,1046,210bf8,210c60,13
spec_qsort.Cloned.3.arc_compare.65.AlignOpt.Clone,1047,210c16,210c60,10
spec_qsort.Cloned.3.arc_compare.65.AlignOpt.Clone,1048,210c35,210c47,3
spec_qsort.Cloned.3.arc_compare.65.AlignOpt.Clone,1049,210c37,210c60,5
spec_qsort.Cloned.3.arc_compare.65.AlignOpt.Clone,1050,210c45,210c60,3
spec_qsort.Cloned.3.arc_compare.65.AlignOpt.Clone,1051,210c7e,210e40,45
spec_qsort.Cloned.3.arc_compare.65.AlignOpt.Clone,1052,210d87,210e40,20
spec_qsort.Cloned.3.arc_compare.65.AlignOpt.Clone,1053,210db5,210dc7,3
spec_qsort.Cloned.3.arc_compare.65.AlignOpt.Clone,1054,210df6,210e37,9
spec_qsort.Cloned.3.arc_compare.65.AlignOpt.Clone,1055,210e15,210e27,3
spec_qsort.Cloned.3.arc_compare.65.AlignOpt.Clone,1056,210e17,210e37,4
spec_qsort.Cloned.3.arc_compare.65.AlignOpt.Clone,1057,210e25,210e37,2
___spec_qsort.Cloned.3.arc_compare_cloned_cmprs_Ptr_.67.AlignOpt.Clone,1058,210e72,212559,539
___spec_qsort.Cloned.3.arc_compare_cloned_cmprs_Ptr_.67.AlignOpt.Clone,1059,210e98,211200,75
___spec_qsort.Cloned.3.arc_compare_cloned_cmprs_Ptr_.67.AlignOpt.Clone,1060,210ea7,210f60,17
___spec_qsort.Cloned.3.arc_compare_cloned_cmprs_Ptr_.67.AlignOpt.Clone,1061,210edb,210eff,4
___spec_qsort.Cloned.3.arc_compare_cloned_cmprs_Ptr_.67.AlignOpt.Clone,1062,210ee3,210eff,4
___spec_qsort.Cloned.3.arc_compare_cloned_cmprs_Ptr_.67.AlignOpt.Clone,1063,210f0c,210f2c,4
___spec_qsort.Cloned.3.arc_compare_cloned_cmprs_Ptr_.67.AlignOpt.Clone,1064,210f13,210f2c,4
___spec_qsort.Cloned.3.arc_compare_cloned_cmprs_Ptr_.67.AlignOpt.Clone,1065,210f33,210f68,3
___spec_qsort.Cloned.3.arc_compare_cloned_cmprs_Ptr_.67.AlignOpt.Clone,1066,210f37,210f8b,5
___spec_qsort.Cloned.3.arc_compare_cloned_cmprs_Ptr_.67.AlignOpt.Clone,1067,210f3c,210f88,5
___spec_qsort.Cloned.3.arc_compare_cloned_cmprs_Ptr_.67.AlignOpt.Clone,1068,210f41,210f8b,5
___spec_qsort.Cloned.3.arc_compare_cloned_cmprs_Ptr_.67.AlignOpt.Clone,1069,210f6a,210f8b,2
___spec_qsort.Cloned.3.arc_compare_cloned_cmprs_Ptr_.67.AlignOpt.Clone,1070,210f72,210f8b,2
___spec_qsort.Cloned.3.arc_compare_cloned_cmprs_Ptr_.67.AlignOpt.Clone,1071,210f74,210f88,2
___spec_qsort.Cloned.3.arc_compare_cloned_cmprs_Ptr_.67.AlignOpt.Clone,1072,210fbd,210fe1,4
___spec_qsort.Cloned.3.arc_compare_cloned_cmprs_Ptr_.67.AlignOpt.Clone,1073,210fc5,210fe1,4
___spec_qsort.Cloned.3.arc_compare_cloned_cmprs_Ptr_.67.AlignOpt.Clone,1074,210fee,211010,3
___spec_qsort.Cloned.3.arc_compare_cloned_cmprs_Ptr_.67.AlignOpt.Clone,1075,210ff6,211010,3
___spec_qsort.Cloned.3.arc_compare_cloned_cmprs_Ptr_.67.AlignOpt.Clone,1076,21101e,211042,3
___spec_qsort.Cloned.3.arc_compare_cloned_cmprs_Ptr_.67.AlignOpt.Clone,1077,211023,21106a,6
___spec_qsort.Cloned.3.arc_compare_cloned_cmprs_Ptr_.67.AlignOpt.Clone,1078,21102a,211050,3
___spec_qsort.Cloned.3.arc_compare_cloned_cmprs_Ptr_.67.AlignOpt.Clone,1079,21102c,211067,5
___spec_qsort.Cloned.3.arc_compare_cloned_cmprs_Ptr_.67.AlignOpt.Clone,1080,211045,21106a,3
___spec_qsort.Cloned.3.arc_compare_cloned_cmprs_Ptr_.67.AlignOpt.Clone,1081,21104c,211067,2
___spec_qsort.Cloned.3.arc_compare_cloned_cmprs_Ptr_.67.AlignOpt.Clone,1082,21104e,211055,1
___spec_qsort.Cloned.3.arc_compare_cloned_cmprs_Ptr_.67.AlignOpt.Clone,1083,211093,2110b7,4
___spec_qsort.Cloned.3.arc_compare_cloned_cmprs_Ptr_.67.AlignOpt.Clone,1084,21109b,2110b7,4
___spec_qsort.Cloned.3.arc_compare_cloned_cmprs_Ptr_.67.AlignOpt.Clone,1085,2110c4,2110e5,3
___spec_qsort.Cloned.3.arc_compare_cloned_cmprs_Ptr_.67.AlignOpt.Clone,1086,2110cb,2110e5,3
___spec_qsort.Cloned.3.arc_compare_cloned_cmprs_Ptr_.67.AlignOpt.Clone,1087,2110eb,21110c,2
___spec_qsort.Cloned.3.arc_compare_cloned_cmprs_Ptr_.67.AlignOpt.Clone,1088,2110ef,21111e,2
___spec_qsort.Cloned.3.arc_compare_cloned_cmprs_Ptr_.67.AlignOpt.Clone,1089,2110f4,211121,3
___spec_qsort.Cloned.3.arc_compare_cloned_cmprs_Ptr_.67.AlignOpt.Clone,1090,2110f6,211119,2
___spec_qsort.Cloned.3.arc_compare_cloned_cmprs_Ptr_.67.AlignOpt.Clone,1091,21110e,21111e,0
___spec_qsort.Cloned.3.arc_compare_cloned_cmprs_Ptr_.67.AlignOpt.Clone,1092,211113,2111c3,14
___spec_qsort.Cloned.3.arc_compare_cloned_cmprs_Ptr_.67.AlignOpt.Clone,1093,211142,211162,4
___spec_qsort.Cloned.3.arc_compare_cloned_cmprs_Ptr_.67.AlignOpt.Clone,1094,211149,211162,4
___spec_qsort.Cloned.3.arc_compare_cloned_cmprs_Ptr_.67.AlignOpt.Clone,1095,21116f,211190,3
___spec_qsort.Cloned.3.arc_compare_cloned_cmprs_Ptr_.67.AlignOpt.Clone,1096,211176,211190,3
___spec_qsort.Cloned.3.arc_compare_cloned_cmprs_Ptr_.67.AlignOpt.Clone,1097,211192,2111b3,2
___spec_qsort.Cloned.3.arc_compare_cloned_cmprs_Ptr_.67.AlignOpt.Clone,1098,211196,211200,8
___spec_qsort.Cloned.3.arc_compare_cloned_cmprs_Ptr_.67.AlignOpt.Clone,1099,21119b,2111be,2
___spec_qsort.Cloned.3.arc_compare_cloned_cmprs_Ptr_.67.AlignOpt.Clone,1100,21119d,2111f2,6
___spec_qsort.Cloned.3.arc_compare_cloned_cmprs_Ptr_.67.AlignOpt.Clone,1101,2111b5,211200,6
___spec_qsort.Cloned.3.arc_compare_cloned_cmprs_Ptr_.67.AlignOpt.Clone,1102,2111ba,2111f2,4
___spec_qsort.Cloned.3.arc_compare_cloned_cmprs_Ptr_.67.AlignOpt.Clone,1103,2111bc,2111e0,3
___spec_qsort.Cloned.3.arc_compare_cloned_cmprs_Ptr_.67.AlignOpt.Clone,1104,21123e,211284,6
___spec_qsort.Cloned.3.arc_compare_cloned_cmprs_Ptr_.67.AlignOpt.Clone,1105,211251,211284,3
___spec_qsort.Cloned.3.arc_compare_cloned_cmprs_Ptr_.67.AlignOpt.Clone,1106,211253,211263,2
___spec_qsort.Cloned.3.arc_compare_cloned_cmprs_Ptr_.67.AlignOpt.Clone,1107,211261,211284,1
___spec_qsort.Cloned.3.arc_compare_cloned_cmprs_Ptr_.67.AlignOpt.Clone,1108,211287,2112c0,7
___spec_qsort.Cloned.3.arc_compare_cloned_cmprs_Ptr_.67.AlignOpt.Clone,1109,2112c7,212504,430
___spec_qsort.Cloned.3.arc_compare_cloned_cmprs_Ptr_.67.AlignOpt.Clone,1110,2112e9,21137d,10
___spec_qsort.Cloned.3.arc_compare_cloned_cmprs_Ptr_.67.AlignOpt.Clone,1111,21130a,21134d,4
___spec_qsort.Cloned.3.arc_compare_cloned_cmprs_Ptr_.67.AlignOpt.Clone,1112,211339,21241a,401
___spec_qsort.Cloned.3.arc_compare_cloned_cmprs_Ptr_.67.AlignOpt.Clone,1113,211347,21241a,400
___spec_qsort.Cloned.3.arc_compare_cloned_cmprs_Ptr_.67.AlignOpt.Clone,1114,211399,21142d,10
___spec_qsort.Cloned.3.arc_compare_cloned_cmprs_Ptr_.67.AlignOpt.Clone,1115,2113ba,211401,4
___spec_qsort.Cloned.3.arc_compare_cloned_cmprs_Ptr_.67.AlignOpt.Clone,1116,2113ed,21248f,403
___spec_qsort.Cloned.3.arc_compare_cloned_cmprs_Ptr_.67.AlignOpt.Clone,1117,2113fb,21248f,402
___spec_qsort.Cloned.3.arc_compare_cloned_cmprs_Ptr_.67.AlignOpt.Clone,1118,211436,211446,1
___spec_qsort.Cloned.3.arc_compare_cloned_cmprs_Ptr_.67.AlignOpt.Clone,1119,21144a,212291,343
___spec_qsort.Cloned.3.arc_compare_cloned_cmprs_Ptr_.67.AlignOpt.Clone,1120,211466,2117d0,75
___spec_qsort.Cloned.3.arc_compare_cloned_cmprs_Ptr_.67.AlignOpt.Clone,1121,21147f,211550,18
___spec_qsort.Cloned.3.arc_compare_cloned_cmprs_Ptr_.67.AlignOpt.Clone,1122,2114be,2114e5,4
___spec_qsort.Cloned.3.arc_compare_cloned_cmprs_Ptr_.67.AlignOpt.Clone,1123,2114c5,2114e5,4
___spec_qsort.Cloned.3.arc_compare_cloned_cmprs_Ptr_.67.AlignOpt.Clone,1124,2114f2,211519,4
___spec_qsort.Cloned.3.arc_compare_cloned_cmprs_Ptr_.67.AlignOpt.Clone,1125,2114f9,211519,4
___spec_qsort.Cloned.3.arc_compare_cloned_cmprs_Ptr_.67.AlignOpt.Clone,1126,211523,211558,3
___spec_qsort.Cloned.3.arc_compare_cloned_cmprs_Ptr_.67.AlignOpt.Clone,1127,211527,21157b,5
___spec_qsort.Cloned.3.arc_compare_cloned_cmprs_Ptr_.67.AlignOpt.Clone,1128,21152c,211578,5
___spec_qsort.Cloned.3.arc_compare_cloned_cmprs_Ptr_.67.AlignOpt.Clone,1129,211531,21157b,5
___spec_qsort.Cloned.3.arc_compare_cloned_cmprs_Ptr_.67.AlignOpt.Clone,1130,21155a,21157b,2
___spec_qsort.Cloned.3.arc_compare_cloned_cmprs_Ptr_.67.AlignOpt.Clone,1131,211562,21157b,2
___spec_qsort.Cloned.3.arc_compare_cloned_cmprs_Ptr_.67.AlignOpt.Clone,1132,211564,211578,2
___spec_qsort.Cloned.3.arc_compare_cloned_cmprs_Ptr_.67.AlignOpt.Clone,1133,2115ad,2115d0,4
___spec_qsort.Cloned.3.arc_compare_cloned_cmprs_Ptr_.67.AlignOpt.Clone,1134,2115b5,2115d0,4
___spec_qsort.Cloned.3.arc_compare_cloned_cmprs_Ptr_.67.AlignOpt.Clone,1135,2115e3,211607,3
___spec_qsort.Cloned.3.arc_compare_cloned_cmprs_Ptr_.67.AlignOpt.Clone,1136,2115eb,211607,3
___spec_qsort.Cloned.3.arc_compare_cloned_cmprs_Ptr_.67.AlignOpt.Clone,1137,21160d,211635,4
___spec_qsort.Cloned.3.arc_compare_cloned_cmprs_Ptr_.67.AlignOpt.Clone,1138,211612,211661,9
___spec_qsort.Cloned.3.arc_compare_cloned_cmprs_Ptr_.67.AlignOpt.Clone,1139,211619,211643,4
___spec_qsort.Cloned.3.arc_compare_cloned_cmprs_Ptr_.67.AlignOpt.Clone,1140,21161b,21165e,7
___spec_qsort.Cloned.3.arc_compare_cloned_cmprs_Ptr_.67.AlignOpt.Clone,1141,211638,211661,5
___spec_qsort.Cloned.3.arc_compare_cloned_cmprs_Ptr_.67.AlignOpt.Clone,1142,21163f,21165e,3
___spec_qsort.Cloned.3.arc_compare_cloned_cmprs_Ptr_.67.AlignOpt.Clone,1143,211641,211648,1
___spec_qsort.Cloned.3.arc_compare_cloned_cmprs_Ptr_.67.AlignOpt.Clone,1144,21168c,2116ad,4
___spec_qsort.Cloned.3.arc_compare_cloned_cmprs_Ptr_.67.AlignOpt.Clone,1145,211693,2116ad,4
___spec_qsort.Cloned.3.arc_compare_cloned_cmprs_Ptr_.67.AlignOpt.Clone,1146,2116ba,2116da,3
___spec_qsort.Cloned.3.arc_compare_cloned_cmprs_Ptr_.67.AlignOpt.Clone,1147,2116c1,2116da,3
___spec_qsort.Cloned.3.arc_compare_cloned_cmprs_Ptr_.67.AlignOpt.Clone,1148,2116e7,211708,2
___spec_qsort.Cloned.3.arc_compare_cloned_cmprs_Ptr_.67.AlignOpt.Clone,1149,2116eb,21171a,2
___spec_qsort.Cloned.3.arc_compare_cloned_cmprs_Ptr_.67.AlignOpt.Clone,1150,2116f0,21171d,3
___spec_qsort.Cloned.3.arc_compare_cloned_cmprs_Ptr_.67.AlignOpt.Clone,1151,2116f2,211715,2
___spec_qsort.Cloned.3.arc_compare_cloned_cmprs_Ptr_.67.AlignOpt.Clone,1152,21170a,21171a,0
___spec_qsort.Cloned.3.arc_compare_cloned_cmprs_Ptr_.67.AlignOpt.Clone,1153,21170f,21210c,242
___spec_qsort.Cloned.3.arc_compare_cloned_cmprs_Ptr_.67.AlignOpt.Clone,1154,21173e,21175e,4
___spec_qsort.Cloned.3.arc_compare_cloned_cmprs_Ptr_.67.AlignOpt.Clone,1155,211745,21175e,4
___spec_qsort.Cloned.3.arc_compare_cloned_cmprs_Ptr_.67.AlignOpt.Clone,1156,21176b,21178b,3
___spec_qsort.Cloned.3.arc_compare_cloned_cmprs_Ptr_.67.AlignOpt.Clone,1157,211772,21178b,3
___spec_qsort.Cloned.3.arc_compare_cloned_cmprs_Ptr_.67.AlignOpt.Clone,1158,21178d,2117b9,2
___spec_qsort.Cloned.3.arc_compare_cloned_cmprs_Ptr_.67.AlignOpt.Clone,1159,211791,2117d0,3
___spec_qsort.Cloned.3.arc_compare_cloned_cmprs_Ptr_.67.AlignOpt.Clone,1160,211796,211993,77
___spec_qsort.Cloned.3.arc_compare_cloned_cmprs_Ptr_.67.AlignOpt.Clone,1161,21179c,21213b,234
___spec_qsort.Cloned.3.arc_compare_cloned_cmprs_Ptr_.67.AlignOpt.Clone,1162,2117bb,2117d0,1
___spec_qsort.Cloned.3.arc_compare_cloned_cmprs_Ptr_.67.AlignOpt.Clone,1163,2117c0,21198d,75
___spec_qsort.Cloned.3.arc_compare_cloned_cmprs_Ptr_.67.AlignOpt.Clone,1164,2117d4,2119a0,75
___spec_qsort.Cloned.3.arc_compare_cloned_cmprs_Ptr_.67.AlignOpt.Clone,1165,2117de,211840,33
___spec_qsort.Cloned.3.arc_compare_cloned_cmprs_Ptr_.67.AlignOpt.Clone,1166,21186e,21189f,6
___spec_qsort.Cloned.3.arc_compare_cloned_cmprs_Ptr_.67.AlignOpt.Clone,1167,211884,21189f,2
___spec_qsort.Cloned.3.arc_compare_cloned_cmprs_Ptr_.67.AlignOpt.Clone,1168,211886,211896,2
___spec_qsort.Cloned.3.arc_compare_cloned_cmprs_Ptr_.67.AlignOpt.Clone,1169,211894,21189f,0
___spec_qsort.Cloned.3.arc_compare_cloned_cmprs_Ptr_.67.AlignOpt.Clone,1170,2118a3,2118b4,1
___spec_qsort.Cloned.3.arc_compare_cloned_cmprs_Ptr_.67.AlignOpt.Clone,1171,2118b7,211a50,47
___spec_qsort.Cloned.3.arc_compare_cloned_cmprs_Ptr_.67.AlignOpt.Clone,1172,2118d3,211923,9
___spec_qsort.Cloned.3.arc_compare_cloned_cmprs_Ptr_.67.AlignOpt.Clone,1173,2118f7,211a50,40
___spec_qsort.Cloned.3.arc_compare_cloned_cmprs_Ptr_.67.AlignOpt.Clone,1174,211913,211923,2
___spec_qsort.Cloned.3.arc_compare_cloned_cmprs_Ptr_.67.AlignOpt.Clone,1175,211927,21195e,6
___spec_qsort.Cloned.3.arc_compare_cloned_cmprs_Ptr_.67.AlignOpt.Clone,1176,21198d,212129,156
___spec_qsort.Cloned.3.arc_compare_cloned_cmprs_Ptr_.67.AlignOpt.Clone,1177,2119c6,211a04,6
___spec_qsort.Cloned.3.arc_compare_cloned_cmprs_Ptr_.67.AlignOpt.Clone,1178,2119e1,211a04,2
___spec_qsort.Cloned.3.arc_compare_cloned_cmprs_Ptr_.67.AlignOpt.Clone,1179,2119e3,2119f3,2
___spec_qsort.Cloned.3.arc_compare_cloned_cmprs_Ptr_.67.AlignOpt.Clone,1180,2119f1,211a04,0
___spec_qsort.Cloned.3.arc_compare_cloned_cmprs_Ptr_.67.AlignOpt.Clone,1181,211a07,211a50,10
___spec_qsort.Cloned.3.arc_compare_cloned_cmprs_Ptr_.67.AlignOpt.Clone,1182,211a1c,211a2c,3
___spec_qsort.Cloned.3.arc_compare_cloned_cmprs_Ptr_.67.AlignOpt.Clone,1183,211a56,212154,137
___spec_qsort.Cloned.3.arc_compare_cloned_cmprs_Ptr_.67.AlignOpt.Clone,1184,211a74,211c20,26
___spec_qsort.Cloned.3.arc_compare_cloned_cmprs_Ptr_.67.AlignOpt.Clone,1185,211a8d,211b20,7
___spec_qsort.Cloned.3.arc_compare_cloned_cmprs_Ptr_.67.AlignOpt.Clone,1186,211a97,211ba2,16
___spec_qsort.Cloned.3.arc_compare_cloned_cmprs_Ptr_.67.AlignOpt.Clone,1187,211aba,211ae7,2
___spec_qsort.Cloned.3.arc_compare_cloned_cmprs_Ptr_.67.AlignOpt.Clone,1188,211ad0,211e31,56
___spec_qsort.Cloned.3.arc_compare_cloned_cmprs_Ptr_.67.AlignOpt.Clone,1189,211ae1,211e31,55
___spec_qsort.Cloned.3.arc_compare_cloned_cmprs_Ptr_.67.AlignOpt.Clone,1190,211b32,211b6f,4
___spec_qsort.Cloned.3.arc_compare_cloned_cmprs_Ptr_.67.AlignOpt.Clone,1191,211b5b,211f5b,74
___spec_qsort.Cloned.3.arc_compare_cloned_cmprs_Ptr_.67.AlignOpt.Clone,1192,211b69,211f5b,73
___spec_qsort.Cloned.3.arc_compare_cloned_cmprs_Ptr_.67.AlignOpt.Clone,1193,211bb4,211bf1,4
___spec_qsort.Cloned.3.arc_compare_cloned_cmprs_Ptr_.67.AlignOpt.Clone,1194,211bdd,21202c,88
___spec_qsort.Cloned.3.arc_compare_cloned_cmprs_Ptr_.67.AlignOpt.Clone,1195,211beb,21202c,87
___spec_qsort.Cloned.3.arc_compare_cloned_cmprs_Ptr_.67.AlignOpt.Clone,1196,211c37,211e10,30
___spec_qsort.Cloned.3.arc_compare_cloned_cmprs_Ptr_.67.AlignOpt.Clone,1197,211c50,211cf0,9
___spec_qsort.Cloned.3.arc_compare_cloned_cmprs_Ptr_.67.AlignOpt.Clone,1198,211c5a,211d82,19
___spec_qsort.Cloned.3.arc_compare_cloned_cmprs_Ptr_.67.AlignOpt.Clone,1199,211c7d,211cb2,3
___spec_qsort.Cloned.3.arc_compare_cloned_cmprs_Ptr_.67.AlignOpt.Clone,1200,211c9b,211ebd,42
___spec_qsort.Cloned.3.arc_compare_cloned_cmprs_Ptr_.67.AlignOpt.Clone,1201,211cac,211ebd,41
___spec_qsort.Cloned.3.arc_compare_cloned_cmprs_Ptr_.67.AlignOpt.Clone,1202,211d02,211d4a,5
___spec_qsort.Cloned.3.arc_compare_cloned_cmprs_Ptr_.67.AlignOpt.Clone,1203,211d36,211fbe,56
___spec_qsort.Cloned.3.arc_compare_cloned_cmprs_Ptr_.67.AlignOpt.Clone,1204,211d44,211fbe,55
___spec_qsort.Cloned.3.arc_compare_cloned_cmprs_Ptr_.67.AlignOpt.Clone,1205,211d94,211ddc,5
___spec_qsort.Cloned.3.arc_compare_cloned_cmprs_Ptr_.67.AlignOpt.Clone,1206,211dc8,21209e,70
___spec_qsort.Cloned.3.arc_compare_cloned_cmprs_Ptr_.67.AlignOpt.Clone,1207,211dd6,21209e,69
___spec_qsort.Cloned.3.arc_compare_cloned_cmprs_Ptr_.67.AlignOpt.Clone,1208,211e14,211e22,0
___spec_qsort.Cloned.3.arc_compare_cloned_cmprs_Ptr_.67.AlignOpt.Clone,1209,212157,2123f0,74
___spec_qsort.Cloned.3.arc_compare_cloned_cmprs_Ptr_.67.AlignOpt.Clone,1210,212164,2121eb,16
___spec_qsort.Cloned.3.arc_compare_cloned_cmprs_Ptr_.67.AlignOpt.Clone,1211,21216e,212183,1
___spec_qsort.Cloned.3.arc_compare_cloned_cmprs_Ptr_.67.AlignOpt.Clone,1212,21219d,2121af,2
___spec_qsort.Cloned.3.arc_compare_cloned_cmprs_Ptr_.67.AlignOpt.Clone,1213,2122a4,212390,27
___spec_qsort.Cloned.3.arc_compare_cloned_cmprs_Ptr_.67.AlignOpt.Clone,1214,2122b1,2122c3,1
___spec_qsort.Cloned.3.arc_compare_cloned_cmprs_Ptr_.67.AlignOpt.Clone,1215,2122c6,2123e0,36
___spec_qsort.Cloned.3.arc_compare_cloned_cmprs_Ptr_.67.AlignOpt.Clone,1216,2122e1,2122fb,2
___spec_qsort.Cloned.3.arc_compare_cloned_cmprs_Ptr_.67.AlignOpt.Clone,1217,2122e3,2123e0,32
___spec_qsort.Cloned.3.arc_compare_cloned_cmprs_Ptr_.67.AlignOpt.Clone,1218,2122f5,2123e0,30
___spec_qsort.Cloned.3.arc_compare_cloned_cmprs_Ptr_.67.AlignOpt.Clone,1219,21235b,2123e0,17
___spec_qsort.Cloned.3.arc_compare_cloned_cmprs_Ptr_.67.AlignOpt.Clone,1220,212378,2123e0,13
___spec_qsort.Cloned.3.arc_compare_cloned_cmprs_Ptr_.67.AlignOpt.Clone,1221,212396,2123e0,10
___spec_qsort.Cloned.3.arc_compare_cloned_cmprs_Ptr_.67.AlignOpt.Clone,1222,2123b5,2123c7,3
___spec_qsort.Cloned.3.arc_compare_cloned_cmprs_Ptr_.67.AlignOpt.Clone,1223,2123b7,2123e0,5
___spec_qsort.Cloned.3.arc_compare_cloned_cmprs_Ptr_.67.AlignOpt.Clone,1224,2123c5,2123e0,3
___spec_qsort.Cloned.3.arc_compare_cloned_cmprs_Ptr_.67.AlignOpt.Clone,1225,2123fe,2125c0,45
___spec_qsort.Cloned.3.arc_compare_cloned_cmprs_Ptr_.67.AlignOpt.Clone,1226,212507,2125c0,20
___spec_qsort.Cloned.3.arc_compare_cloned_cmprs_Ptr_.67.AlignOpt.Clone,1227,212535,212547,3
___spec_qsort.Cloned.3.arc_compare_cloned_cmprs_Ptr_.67.AlignOpt.Clone,1228,212576,2125b7,9
___spec_qsort.Cloned.3.arc_compare_cloned_cmprs_Ptr_.67.AlignOpt.Clone,1229,212595,2125a7,3
___spec_qsort.Cloned.3.arc_compare_cloned_cmprs_Ptr_.67.AlignOpt.Clone,1230,212597,2125b7,4
___spec_qsort.Cloned.3.arc_compare_cloned_cmprs_Ptr_.67.AlignOpt.Clone,1231,2125a5,2125b7,2
spec_qsort.Cloned.3.cost_compare.AlignOpt.Clone.DeadOpEliminate.Cloned.,1232,2125f7,212d69,195
spec_qsort.Cloned.3.cost_compare.AlignOpt.Clone.DeadOpEliminate.Cloned.,1233,212618,2129b0,107
spec_qsort.Cloned.3.cost_compare.AlignOpt.Clone.DeadOpEliminate.Cloned.,1234,212627,2126f0,23
spec_qsort.Cloned.3.cost_compare.AlignOpt.Clone.DeadOpEliminate.Cloned.,1235,212656,21267f,6
spec_qsort.Cloned.3.cost_compare.AlignOpt.Clone.DeadOpEliminate.Cloned.,1236,21265e,21267f,6
spec_qsort.Cloned.3.cost_compare.AlignOpt.Clone.DeadOpEliminate.Cloned.,1237,212689,2126b3,6
spec_qsort.Cloned.3.cost_compare.AlignOpt.Clone.DeadOpEliminate.Cloned.,1238,212691,2126b3,6
spec_qsort.Cloned.3.cost_compare.AlignOpt.Clone.DeadOpEliminate.Cloned.,1239,2126ba,2126f8,5
spec_qsort.Cloned.3.cost_compare.AlignOpt.Clone.DeadOpEliminate.Cloned.,1240,2126bf,212722,9
spec_qsort.Cloned.3.cost_compare.AlignOpt.Clone.DeadOpEliminate.Cloned.,1241,2126c4,21271f,9
spec_qsort.Cloned.3.cost_compare.AlignOpt.Clone.DeadOpEliminate.Cloned.,1242,2126c9,212722,9
spec_qsort.Cloned.3.cost_compare.AlignOpt.Clone.DeadOpEliminate.Cloned.,1243,2126fb,212722,4
spec_qsort.Cloned.3.cost_compare.AlignOpt.Clone.DeadOpEliminate.Cloned.,1244,212703,212722,4
spec_qsort.Cloned.3.cost_compare.AlignOpt.Clone.DeadOpEliminate.Cloned.,1245,212705,21271f,4
spec_qsort.Cloned.3.cost_compare.AlignOpt.Clone.DeadOpEliminate.Cloned.,1246,212753,21277f,7
spec_qsort.Cloned.3.cost_compare.AlignOpt.Clone.DeadOpEliminate.Cloned.,1247,21275b,21277f,7
spec_qsort.Cloned.3.cost_compare.AlignOpt.Clone.DeadOpEliminate.Cloned.,1248,212789,2127b1,5
spec_qsort.Cloned.3.cost_compare.AlignOpt.Clone.DeadOpEliminate.Cloned.,1249,212791,2127b1,5
spec_qsort.Cloned.3.cost_compare.AlignOpt.Clone.DeadOpEliminate.Cloned.,1250,2127be,2127ec,6
spec_qsort.Cloned.3.cost_compare.AlignOpt.Clone.DeadOpEliminate.Cloned.,1251,2127c3,21281e,12
spec_qsort.Cloned.3.cost_compare.AlignOpt.Clone.DeadOpEliminate.Cloned.,1252,2127ca,21281b,11
spec_qsort.Cloned.3.cost_compare.AlignOpt.Clone.DeadOpEliminate.Cloned.,1253,2127cc,2127f8,6
spec_qsort.Cloned.3.cost_compare.AlignOpt.Clone.DeadOpEliminate.Cloned.,1254,2127ef,21281e,6
spec_qsort.Cloned.3.cost_compare.AlignOpt.Clone.DeadOpEliminate.Cloned.,1255,2127f6,2127fd,0
spec_qsort.Cloned.3.cost_compare.AlignOpt.Clone.DeadOpEliminate.Cloned.,1256,2127fd,21281b,5
spec_qsort.Cloned.3.cost_compare.AlignOpt.Clone.DeadOpEliminate.Cloned.,1257,212843,212871,6
spec_qsort.Cloned.3.cost_compare.AlignOpt.Clone.DeadOpEliminate.Cloned.,1258,21284b,212871,6
spec_qsort.Cloned.3.cost_compare.AlignOpt.Clone.DeadOpEliminate.Cloned.,1259,21287b,2128a9,5
spec_qsort.Cloned.3.cost_compare.AlignOpt.Clone.DeadOpEliminate.Cloned.,1260,212883,2128a9,5
spec_qsort.Cloned.3.cost_compare.AlignOpt.Clone.DeadOpEliminate.Cloned.,1261,2128af,2128d5,4
spec_qsort.Cloned.3.cost_compare.AlignOpt.Clone.DeadOpEliminate.Cloned.,1262,2128b4,2128e8,4
spec_qsort.Cloned.3.cost_compare.AlignOpt.Clone.DeadOpEliminate.Cloned.,1263,2128b9,2128eb,5
spec_qsort.Cloned.3.cost_compare.AlignOpt.Clone.DeadOpEliminate.Cloned.,1264,2128bb,2128e3,4
spec_qsort.Cloned.3.cost_compare.AlignOpt.Clone.DeadOpEliminate.Cloned.,1265,2128d8,2128e8,0
spec_qsort.Cloned.3.cost_compare.AlignOpt.Clone.DeadOpEliminate.Cloned.,1266,2128dd,212cea,95
spec_qsort.Cloned.3.cost_compare.AlignOpt.Clone.DeadOpEliminate.Cloned.,1267,212906,21292c,6
spec_qsort.Cloned.3.cost_compare.AlignOpt.Clone.DeadOpEliminate.Cloned.,1268,21290d,21292c,6
spec_qsort.Cloned.3.cost_compare.AlignOpt.Clone.DeadOpEliminate.Cloned.,1269,212936,21295c,5
spec_qsort.Cloned.3.cost_compare.AlignOpt.Clone.DeadOpEliminate.Cloned.,1270,21293d,21295c,5
spec_qsort.Cloned.3.cost_compare.AlignOpt.Clone.DeadOpEliminate.Cloned.,1271,21295e,212983,4
spec_qsort.Cloned.3.cost_compare.AlignOpt.Clone.DeadOpEliminate.Cloned.,1272,212962,2129b0,10
spec_qsort.Cloned.3.cost_compare.AlignOpt.Clone.DeadOpEliminate.Cloned.,1273,212967,2129a9,8
spec_qsort.Cloned.3.cost_compare.AlignOpt.Clone.DeadOpEliminate.Cloned.,1274,212969,21298c,4
spec_qsort.Cloned.3.cost_compare.AlignOpt.Clone.DeadOpEliminate.Cloned.,1275,212985,2129b0,6
spec_qsort.Cloned.3.cost_compare.AlignOpt.Clone.DeadOpEliminate.Cloned.,1276,21298a,212991,0
spec_qsort.Cloned.3.cost_compare.AlignOpt.Clone.DeadOpEliminate.Cloned.,1277,212991,2129a9,4
spec_qsort.Cloned.3.cost_compare.AlignOpt.Clone.DeadOpEliminate.Cloned.,1278,2129ee,212a34,8
spec_qsort.Cloned.3.cost_compare.AlignOpt.Clone.DeadOpEliminate.Cloned.,1279,2129fb,212a34,5
spec_qsort.Cloned.3.cost_compare.AlignOpt.Clone.DeadOpEliminate.Cloned.,1280,2129fd,212a14,4
spec_qsort.Cloned.3.cost_compare.AlignOpt.Clone.DeadOpEliminate.Cloned.,1281,212a12,212a34,1
spec_qsort.Cloned.3.cost_compare.AlignOpt.Clone.DeadOpEliminate.Cloned.,1282,212a37,212a70,9
spec_qsort.Cloned.3.cost_compare.AlignOpt.Clone.DeadOpEliminate.Cloned.,1283,212a77,212d14,48
spec_qsort.Cloned.3.cost_compare.AlignOpt.Clone.DeadOpEliminate.Cloned.,1284,212a94,212b1d,9
spec_qsort.Cloned.3.cost_compare.AlignOpt.Clone.DeadOpEliminate.Cloned.,1285,212ab5,212af2,4
spec_qsort.Cloned.3.cost_compare.AlignOpt.Clone.DeadOpEliminate.Cloned.,1286,212ade,212c14,17
spec_qsort.Cloned.3.cost_compare.AlignOpt.Clone.DeadOpEliminate.Cloned.,1287,212aec,212c14,16
spec_qsort.Cloned.3.cost_compare.AlignOpt.Clone.DeadOpEliminate.Cloned.,1288,212b34,212bcd,9
spec_qsort.Cloned.3.cost_compare.AlignOpt.Clone.DeadOpEliminate.Cloned.,1289,212b55,212b9c,4
spec_qsort.Cloned.3.cost_compare.AlignOpt.Clone.DeadOpEliminate.Cloned.,1290,212b88,212c7e,19
spec_qsort.Cloned.3.cost_compare.AlignOpt.Clone.DeadOpEliminate.Cloned.,1291,212b96,212c7e,18
spec_qsort.Cloned.3.cost_compare.AlignOpt.Clone.DeadOpEliminate.Cloned.,1292,212bd1,212bee,2
spec_qsort.Cloned.3.cost_compare.AlignOpt.Clone.DeadOpEliminate.Cloned.,1293,212bd8,212bee,1
spec_qsort.Cloned.3.cost_compare.AlignOpt.Clone.DeadOpEliminate.Cloned.,1294,212bf2,212dd1,52
spec_qsort.Cloned.3.cost_compare.AlignOpt.Clone.DeadOpEliminate.Cloned.,1295,212d17,212dd1,24
spec_qsort.Cloned.3.cost_compare.AlignOpt.Clone.DeadOpEliminate.Cloned.,1296,212d3f,212d57,5
spec_qsort.Cloned.3.cost_compare.AlignOpt.Clone.DeadOpEliminate.Cloned.,1297,212d86,212dc8,11
spec_qsort.Cloned.3.cost_compare.AlignOpt.Clone.DeadOpEliminate.Cloned.,1298,212d9f,212db8,5
spec_qsort.Cloned.3.cost_compare.AlignOpt.Clone.DeadOpEliminate.Cloned.,1299,212da1,212dc8,6
spec_qsort.Cloned.3.cost_compare.AlignOpt.Clone.DeadOpEliminate.Cloned.,1300,212db6,212dc8,2
___spec_qsort.Cloned.3.cost_compare_cloned_cmprs_Ptr_.AlignOpt.Clone.DeadOpEliminate.Cloned.,1301,212e07,213579,195
___spec_qsort.Cloned.3.cost_compare_cloned_cmprs_Ptr_.AlignOpt.Clone.DeadOpEliminate.Cloned.,1302,212e28,2131c0,107
___spec_qsort.Cloned.3.cost_compare_cloned_cmprs_Ptr_.AlignOpt.Clone.DeadOpEliminate.Cloned.,1303,212e37,212f00,23
___spec_qsort.Cloned.3.cost_compare_cloned_cmprs_Ptr_.AlignOpt.Clone.DeadOpEliminate.Cloned.,1304,212e66,212e8f,6
___spec_qsort.Cloned.3.cost_compare_cloned_cmprs_Ptr_.AlignOpt.Clone.DeadOpEliminate.Cloned.,1305,212e6e,212e8f,6
___spec_qsort.Cloned.3.cost_compare_cloned_cmprs_Ptr_.AlignOpt.Clone.DeadOpEliminate.Cloned.,1306,212e99,212ec3,6
___spec_qsort.Cloned.3.cost_compare_cloned_cmprs_Ptr_.AlignOpt.Clone.DeadOpEliminate.Cloned.,1307,212ea1,212ec3,6
___spec_qsort.Cloned.3.cost_compare_cloned_cmprs_Ptr_.AlignOpt.Clone.DeadOpEliminate.Cloned.,1308,212eca,212f08,5
___spec_qsort.Cloned.3.cost_compare_cloned_cmprs_Ptr_.AlignOpt.Clone.DeadOpEliminate.Cloned.,1309,212ecf,212f32,9
___spec_qsort.Cloned.3.cost_compare_cloned_cmprs_Ptr_.AlignOpt.Clone.DeadOpEliminate.Cloned.,1310,212ed4,212f2f,9
___spec_qsort.Cloned.3.cost_compare_cloned_cmprs_Ptr_.AlignOpt.Clone.DeadOpEliminate.Cloned.,1311,212ed9,212f32,9
___spec_qsort.Cloned.3.cost_compare_cloned_cmprs_Ptr_.AlignOpt.Clone.DeadOpEliminate.Cloned.,1312,212f0b,212f32,4
___spec_qsort.Cloned.3.cost_compare_cloned_cmprs_Ptr_.AlignOpt.Clone.DeadOpEliminate.Cloned.,1313,212f13,212f32,4
___spec_qsort.Cloned.3.cost_compare_cloned_cmprs_Ptr_.AlignOpt.Clone.DeadOpEliminate.Cloned.,1314,212f15,212f2f,4
___spec_qsort.Cloned.3.cost_compare_cloned_cmprs_Ptr_.AlignOpt.Clone.DeadOpEliminate.Cloned.,1315,212f63,212f8f,7
___spec_qsort.Cloned.3.cost_compare_cloned_cmprs_Ptr_.AlignOpt.Clone.DeadOpEliminate.Cloned.,1316,212f6b,212f8f,7
___spec_qsort.Cloned.3.cost_compare_cloned_cmprs_Ptr_.AlignOpt.Clone.DeadOpEliminate.Cloned.,1317,212f99,212fc1,5
___spec_qsort.Cloned.3.cost_compare_cloned_cmprs_Ptr_.AlignOpt.Clone.DeadOpEliminate.Cloned.,1318,212fa1,212fc1,5
___spec_qsort.Cloned.3.cost_compare_cloned_cmprs_Ptr_.AlignOpt.Clone.DeadOpEliminate.Cloned.,1319,212fce,212ffc,6
___spec_qsort.Cloned.3.cost_compare_cloned_cmprs_Ptr_.AlignOpt.Clone.DeadOpEliminate.Cloned.,1320,212fd3,21302e,12
___spec_qsort.Cloned.3.cost_compare_cloned_cmprs_Ptr_.AlignOpt.Clone.DeadOpEliminate.Cloned.,1321,212fda,21302b,11
___spec_qsort.Cloned.3.cost_compare_cloned_cmprs_Ptr_.AlignOpt.Clone.DeadOpEliminate.Cloned.,1322,212fdc,213008,6
___spec_qsort.Cloned.3.cost_compare_cloned_cmprs_Ptr_.AlignOpt.Clone.DeadOpEliminate.Cloned.,1323,212fff,21302e,6
___spec_qsort.Cloned.3.cost_compare_cloned_cmprs_Ptr_.AlignOpt.Clone.DeadOpEliminate.Cloned.,1324,213006,21300d,0
___spec_qsort.Cloned.3.cost_compare_cloned_cmprs_Ptr_.AlignOpt.Clone.DeadOpEliminate.Cloned.,1325,21300d,21302b,5
___spec_qsort.Cloned.3.cost_compare_cloned_cmprs_Ptr_.AlignOpt.Clone.DeadOpEliminate.Cloned.,1326,213053,213081,6
___spec_qsort.Cloned.3.cost_compare_cloned_cmprs_Ptr_.AlignOpt.Clone.DeadOpEliminate.Cloned.,1327,21305b,213081,6
___spec_qsort.Cloned.3.cost_compare_cloned_cmprs_Ptr_.AlignOpt.Clone.DeadOpEliminate.Cloned.,1328,21308b,2130b9,5
___spec_qsort.Cloned.3.cost_compare_cloned_cmprs_Ptr_.AlignOpt.Clone.DeadOpEliminate.Cloned.,1329,213093,2130b9,5
___spec_qsort.Cloned.3.cost_compare_cloned_cmprs_Ptr_.AlignOpt.Clone.DeadOpEliminate.Cloned.,1330,2130bf,2130e5,4
___spec_qsort.Cloned.3.cost_compare_cloned_cmprs_Ptr_.AlignOpt.Clone.DeadOpEliminate.Cloned.,1331,2130c4,2130f8,4
___spec_qsort.Cloned.3.cost_compare_cloned_cmprs_Ptr_.AlignOpt.Clone.DeadOpEliminate.Cloned.,1332,2130c9,2130fb,5
___spec_qsort.Cloned.3.cost_compare_cloned_cmprs_Ptr_.AlignOpt.Clone.DeadOpEliminate.Cloned.,1333,2130cb,2130f3,4
___spec_qsort.Cloned.3.cost_compare_cloned_cmprs_Ptr_.AlignOpt.Clone.DeadOpEliminate.Cloned.,1334,2130e8,2130f8,0
___spec_qsort.Cloned.3.cost_compare_cloned_cmprs_Ptr_.AlignOpt.Clone.DeadOpEliminate.Cloned.,1335,2130ed,2134fa,95
___spec_qsort.Cloned.3.cost_compare_cloned_cmprs_Ptr_.AlignOpt.Clone.DeadOpEliminate.Cloned.,1336,213116,21313c,6
___spec_qsort.Cloned.3.cost_compare_cloned_cmprs_Ptr_.AlignOpt.Clone.DeadOpEliminate.Cloned.,1337,21311d,21313c,6
___spec_qsort.Cloned.3.cost_compare_cloned_cmprs_Ptr_.AlignOpt.Clone.DeadOpEliminate.Cloned.,1338,213146,21316c,5
___spec_qsort.Cloned.3.cost_compare_cloned_cmprs_Ptr_.AlignOpt.Clone.DeadOpEliminate.Cloned.,1339,21314d,21316c,5
___spec_qsort.Cloned.3.cost_compare_cloned_cmprs_Ptr_.AlignOpt.Clone.DeadOpEliminate.Cloned.,1340,21316e,213193,4
___spec_qsort.Cloned.3.cost_compare_cloned_cmprs_Ptr_.AlignOpt.Clone.DeadOpEliminate.Cloned.,1341,213172,2131c0,10
___spec_qsort.Cloned.3.cost_compare_cloned_cmprs_Ptr_.AlignOpt.Clone.DeadOpEliminate.Cloned.,1342,213177,2131b9,8
___spec_qsort.Cloned.3.cost_compare_cloned_cmprs_Ptr_.AlignOpt.Clone.DeadOpEliminate.Cloned.,1343,213179,21319c,4
___spec_qsort.Cloned.3.cost_compare_cloned_cmprs_Ptr_.AlignOpt.Clone.DeadOpEliminate.Cloned.,1344,213195,2131c0,6
___spec_qsort.Cloned.3.cost_compare_cloned_cmprs_Ptr_.AlignOpt.Clone.DeadOpEliminate.Cloned.,1345,21319a,2131a1,0
___spec_qsort.Cloned.3.cost_compare_cloned_cmprs_Ptr_.AlignOpt.Clone.DeadOpEliminate.Cloned.,1346,2131a1,2131b9,4
___spec_qsort.Cloned.3.cost_compare_cloned_cmprs_Ptr_.AlignOpt.Clone.DeadOpEliminate.Cloned.,1347,2131fe,213244,8
___spec_qsort.Cloned.3.cost_compare_cloned_cmprs_Ptr_.AlignOpt.Clone.DeadOpEliminate.Cloned.,1348,21320b,213244,5
___spec_qsort.Cloned.3.cost_compare_cloned_cmprs_Ptr_.AlignOpt.Clone.DeadOpEliminate.Cloned.,1349,21320d,213224,4
___spec_qsort.Cloned.3.cost_compare_cloned_cmprs_Ptr_.AlignOpt.Clone.DeadOpEliminate.Cloned.,1350,213222,213244,1
___spec_qsort.Cloned.3.cost_compare_cloned_cmprs_Ptr_.AlignOpt.Clone.DeadOpEliminate.Cloned.,1351,213247,213280,9
___spec_qsort.Cloned.3.cost_compare_cloned_cmprs_Ptr_.AlignOpt.Clone.DeadOpEliminate.Cloned.,1352,213287,213524,48
___spec_qsort.Cloned.3.cost_compare_cloned_cmprs_Ptr_.AlignOpt.Clone.DeadOpEliminate.Cloned.,1353,2132a4,21332d,9
___spec_qsort.Cloned.3.cost_compare_cloned_cmprs_Ptr_.AlignOpt.Clone.DeadOpEliminate.Cloned.,1354,2132c5,213302,4
___spec_qsort.Cloned.3.cost_compare_cloned_cmprs_Ptr_.AlignOpt.Clone.DeadOpEliminate.Cloned.,1355,2132ee,213424,17
___spec_qsort.Cloned.3.cost_compare_cloned_cmprs_Ptr_.AlignOpt.Clone.DeadOpEliminate.Cloned.,1356,2132fc,213424,16
___spec_qsort.Cloned.3.cost_compare_cloned_cmprs_Ptr_.AlignOpt.Clone.DeadOpEliminate.Cloned.,1357,213344,2133dd,9
___spec_qsort.Cloned.3.cost_compare_cloned_cmprs_Ptr_.AlignOpt.Clone.DeadOpEliminate.Cloned.,1358,213365,2133ac,4
___spec_qsort.Cloned.3.cost_compare_cloned_cmprs_Ptr_.AlignOpt.Clone.DeadOpEliminate.Cloned.,1359,213398,21348e,19
___spec_qsort.Cloned.3.cost_compare_cloned_cmprs_Ptr_.AlignOpt.Clone.DeadOpEliminate.Cloned.,1360,2133a6,21348e,18
___spec_qsort.Cloned.3.cost_compare_cloned_cmprs_Ptr_.AlignOpt.Clone.DeadOpEliminate.Cloned.,1361,2133e1,2133fe,2
___spec_qsort.Cloned.3.cost_compare_cloned_cmprs_Ptr_.AlignOpt.Clone.DeadOpEliminate.Cloned.,1362,2133e8,2133fe,1
___spec_qsort.Cloned.3.cost_compare_cloned_cmprs_Ptr_.AlignOpt.Clone.DeadOpEliminate.Cloned.,1363,213402,2135e1,52
___spec_qsort.Cloned.3.cost_compare_cloned_cmprs_Ptr_.AlignOpt.Clone.DeadOpEliminate.Cloned.,1364,213527,2135e1,24
___spec_qsort.Cloned.3.cost_compare_cloned_cmprs_Ptr_.AlignOpt.Clone.DeadOpEliminate.Cloned.,1365,21354f,213567,5
___spec_qsort.Cloned.3.cost_compare_cloned_cmprs_Ptr_.AlignOpt.Clone.DeadOpEliminate.Cloned.,1366,213596,2135d8,11
___spec_qsort.Cloned.3.cost_compare_cloned_cmprs_Ptr_.AlignOpt.Clone.DeadOpEliminate.Cloned.,1367,2135af,2135c8,5
___spec_qsort.Cloned.3.cost_compare_cloned_cmprs_Ptr_.AlignOpt.Clone.DeadOpEliminate.Cloned.,1368,2135b1,2135d8,6
___spec_qsort.Cloned.3.cost_compare_cloned_cmprs_Ptr_.AlignOpt.Clone.DeadOpEliminate.Cloned.,1369,2135c6,2135d8,2
_init,1370,213602,213609,0
